AGE_ka,GR_gAPI
442.3643885,21.16943891
445.4754261,20.51664251
448.5864637,20.28904484
451.6975012,20.60592492
454.8085388,21.43062771
457.9195764,22.23626816
461.0306139,22.28625363
464.1416515,22.07831161
467.2526891,22.57491909
470.3637266,23.80860777
473.4747642,24.84993168
476.5858018,24.19214237
479.6968393,24.23781232
482.8078769,24.12346327
485.9189144,23.51147448
487.4744332,22.39490496
489.029952,21.95532029
490.5854708,22.17299378
492.1409896,22.49104923
493.6965084,22.57716328
495.2520271,22.65349704
496.8075459,22.62867013
498.3630647,22.85305845
499.9185835,23.84197302
501.4741023,25.95868541
503.029621,25.6779744
504.5851398,23.70137727
506.1406586,22.68193389
507.6961774,22.63342227
509.2516962,23.12093884
512.3627337,22.83118993
515.4737713,22.87545758
518.5848089,22.90438615
521.6958464,22.54619473
524.806884,22.55781447
527.9179216,21.77455619
531.0289591,21.41773312
534.1399967,21.76896424
537.2510343,21.60960774
540.3620718,21.12621763
543.4731094,21.85833308
546.5841469,22.42614223
549.6951845,22.39018024
552.8062221,22.53111365
555.9172596,22.41294262
559.0282972,21.65287394
562.1393348,21.50008265
565.2503723,21.02188729
568.3614099,20.89479955
571.4724475,20.08667127
574.583485,19.85376106
577.6945226,20.25523722
580.8055602,20.76132939
583.9165977,20.16197328
587.0276353,20.12028303
590.1386728,20.7102576
593.2497104,20.35856427
596.360748,19.9884797
599.4717855,20.16221953
602.5828231,20.01620444
605.6938607,20.62132903
608.8048982,20.94355193
611.9159358,21.19022214
615.0269734,21.19763838
618.1380109,20.82662261
621.2490485,20.87186586
624.360086,21.09681327
627.4711236,20.57952649
630.5821612,20.76456277
633.6931987,20.59685229
636.8042363,20.26528962
639.9152739,20.042958
643.0263114,19.44806443
646.137349,19.09115258
649.2483866,20.17298587
652.3594241,21.10997606
655.4704617,20.61429247
658.5814993,19.78921469
661.6925368,20.00076507
664.8035744,20.51052358
667.9146119,21.12462914
671.0256495,21.13063525
674.1366871,20.20522746
677.2477246,19.99664619
680.3587622,20.39793772
683.4697998,21.33357888
686.5808373,22.1644194
689.6918749,22.11443158
692.8029125,21.35093053
695.91395,21.20168964
699.0249876,21.82198697
702.1360252,22.58580138
705.2470627,23.3476322
708.3581003,23.50079274
711.4691378,23.40385149
714.5801754,23.2716293
717.691213,23.54409393
720.8022505,23.94958583
723.9132881,24.08923131
727.0243257,23.31350861
730.1353632,23.17393181
733.2464008,22.8937065
736.3574384,22.57189122
739.4684759,22.78199022
742.5795135,22.78173431
745.6905511,23.25264973
748.8015886,23.27497523
751.9126262,22.75787046
755.0236637,22.29531372
758.1347013,23.76927088
761.2457389,25.27546283
764.3567764,25.41256538
767.467814,25.24489669
770.5788516,24.92874439
773.6898891,25.19481773
776.8009267,25.58142328
779.9119643,24.53929743
783.0230018,23.63499877
786.1340394,23.66024063
789.2450769,24.44867983
792.3561145,24.35266588
793.9116333,23.79318669
795.4671521,22.00985891
797.0226709,20.6511807
798.5781896,20.4855567
800.1337084,20.98455043
801.6892272,21.44639637
803.244746,21.00521668
804.8002648,21.07778878
806.3557836,21.89468468
807.9113023,21.5896382
809.4668211,21.73184569
811.0223399,21.56942477
812.5778587,21.44533067
814.1333775,22.12228339
815.6888962,21.51575599
817.244415,20.84591032
818.7999338,21.25600395
820.3554526,21.99206594
821.9109714,21.75161911
823.4664902,22.2689858
825.0220089,22.80943867
826.5775277,22.08741714
828.1330465,21.35195653
829.6885653,21.57260226
831.2440841,20.88452596
832.7996028,20.35801249
834.3551216,20.049923
835.9106404,20.64923394
837.4661592,20.76112675
839.021678,20.60365382
840.5771968,20.96118692
842.1327155,21.56850453
843.6882343,21.711732
845.2437531,21.37046058
846.7992719,20.8063606
848.3547907,20.3159214
849.9103094,20.57286545
851.4658282,20.49523516
853.021347,20.56995014
854.5768658,20.30579353
856.1323846,20.1389542
857.6879034,20.66424556
859.2434221,21.38483817
860.7989409,20.86391247
862.3544597,21.04633922
863.9099785,22.10785123
865.4654973,22.12539848
867.0210161,21.75717737
868.5765348,21.45004495
870.1320536,21.18431892
871.6875724,21.39553766
873.2430912,22.02755945
874.79861,21.78459814
876.3541287,21.64441942
877.9096475,21.4130776
879.4651663,21.31619641
881.0206851,20.81908024
882.5762039,20.71619869
884.1317227,20.44147916
885.6872414,19.85290898
887.2427602,20.345607
888.798279,20.9005957
890.3537978,20.98929944
891.9093166,21.7843707
893.4648353,21.09763872
895.0203541,20.26494518
896.5758729,20.98355916
898.1313917,21.3080563
899.6869105,21.39095395
901.2424293,20.67475809
902.797948,20.29970255
904.3534668,21.25341296
905.9089856,22.36994278
907.4645044,21.99818095
909.0200232,21.71898164
911.9167208,21.69237718
914.7148534,21.22326907
917.512986,21.45429858
920.3111186,22.15032854
923.1092512,24.14969535
925.9073838,27.18262461
928.7055163,29.37346286
931.5036489,29.59233052
934.3017815,29.62544612
937.0999141,29.05299373
939.8980467,29.00159134
941.297113,29.29321077
942.6961793,30.92780059
944.0952456,32.55461668
946.8933782,30.66088613
949.6915107,31.22245336
952.4896433,33.36790525
955.2877759,30.44645621
958.0859085,25.56270432
960.8840411,24.5532888
963.6821737,24.41149809
966.4803063,24.80525143
969.2784388,25.08933919
972.0765714,23.84179676
974.874704,22.57256443
977.6728366,22.32789112
980.4709692,21.60928837
983.2691018,21.49853777
986.0672344,22.2380854
988.8653669,22.74490875
991.6634995,22.93644964
994.4616321,22.28889423
997.2597647,22.74174614
1000.057897,21.86035688
1002.85603,22.25551096
1005.654162,22.97304749
1008.452295,21.95745847
1011.250428,21.43881117
1014.04856,22.40998161
1016.846693,23.30391842
1019.644825,23.92170467
1022.442958,23.95550341
1025.241091,23.70184523
1028.039223,23.19574835
1030.837356,23.28744548
1033.635488,23.55284248
1036.433621,24.27024427
1039.231754,23.57078613
1042.029886,22.43701433
1044.828019,22.3070131
1047.626151,21.81943072
1050.424284,21.56810734
1053.222416,21.61237186
1056.020549,22.16557074
1058.818682,22.16299334
1061.616814,21.7876845
1064.414947,21.7651877
1067.213079,22.02684341
1070.011212,21.28259666
1072.809345,21.44749314
1075.607477,20.87600251
1078.40561,21.79993671
1081.203742,23.3054834
1084.001875,22.76541988
1086.800007,22.08294807
1089.59814,21.8590499
1092.396273,21.70709163
1095.194405,21.6613564
1097.992538,22.00082833
1100.79067,21.63224034
1103.588803,21.21072622
1106.386936,22.29370695
1109.185068,22.39531651
1111.983201,21.67929926
1114.781333,20.90405392
1117.579466,20.97942409
1120.377599,21.62644731
1123.175731,22.67884884
1125.973864,23.30665799
1128.771996,22.79684882
1131.570129,22.17901164
1134.368261,21.80316669
1137.166394,21.91648373
1139.964527,22.42627723
1142.762659,22.88128377
1145.560792,22.8384555
1148.358924,22.53887694
1151.157057,21.87239705
1153.95519,22.08298698
1156.753322,21.69631849
1159.551455,22.56820269
1162.349587,22.5685359
1165.14772,21.97421369
1167.945852,21.58305812
1170.743985,21.46883807
1173.542118,21.58532007
1176.34025,21.49154065
1179.138383,21.23130081
1181.936515,21.89892839
1184.734648,22.06366871
1187.532781,22.06945338
1190.330913,22.5478626
1193.129046,22.58616331
1195.927178,22.88000552
1198.725311,22.81572394
1201.523444,23.06371157
1204.321576,23.04389741
1207.119709,24.35603531
1209.917841,24.03639215
1212.715974,23.58685248
1215.514106,23.98822001
1218.312239,23.5747708
1221.110372,23.00793151
1223.908504,22.57192804
1226.706637,22.73640044
1229.504769,22.92077474
1232.302902,23.10246378
1235.101035,23.30240201
1237.899167,24.4072361
1240.6973,23.91523557
1243.495432,22.44081672
1246.293565,22.78611328
1249.091697,22.82688277
1251.88983,21.86634889
1254.687963,21.52072069
1257.486095,21.87949444
1260.284228,22.04638208
1263.08236,22.39060459
1265.880493,23.00509976
1268.678626,23.12859611
1271.476758,24.29112622
1274.274891,24.69156254
1277.073023,23.69517113
1279.871156,22.78725758
1282.669289,22.31952879
1285.467421,21.81276132
1288.265554,22.16564386
1291.063686,22.22365245
1293.861819,21.83501423
1296.659951,21.86913991
1299.458084,22.23626999
1302.256217,22.40916086
1305.054349,21.84336977
1307.852482,21.21073928
1310.650614,21.76236013
1313.448747,21.65776579
1316.24688,22.09955549
1319.045012,22.42451979
1321.843145,21.65959608
1324.641277,21.59150976
1327.43941,21.92858735
1330.237542,21.88044341
1333.035675,22.02027403
1335.833808,22.56234882
1338.63194,22.87629844
1341.430073,22.83860095
1344.228205,22.70075025
1347.026338,23.15380011
1349.824471,23.62975622
1352.622603,23.57836611
1355.420736,22.82513865
1358.218868,22.53196103
1361.017001,21.73497957
1363.815134,21.91186999
1366.613266,22.19321557
1369.411399,22.64567421
1372.209531,21.87721421
1375.007664,21.18080378
1377.805796,21.65634129
1380.603929,22.08009177
1383.402062,21.94535929
1386.200194,21.53682751
1388.998327,21.71044121
1391.796459,22.64937633
1394.594592,22.28646489
1397.392725,21.46482834
1400.190857,21.35517816
1402.98899,21.24570425
1405.787122,21.31977788
1408.585255,21.4382278
1411.383387,21.39637852
1414.18152,21.53410596
1416.979653,21.23826973
1419.777785,21.76462809
1422.575918,22.14155126
1425.37405,21.03571702
1428.172183,20.32786808
1430.970316,21.33751967
1433.768448,21.60391264
1436.566581,21.38776053
1439.364713,20.82823094
1442.162846,20.85969591
1444.960979,22.12876843
1447.759111,23.16900262
1450.557244,22.39505068
1453.355376,21.81547034
1456.153509,21.53955429
1458.951641,21.76943297
1461.749774,21.82706553
1464.547907,21.67243062
1467.346039,21.20649792
1470.144172,21.07583105
1472.942304,21.36960484
1475.740437,22.53940417
1478.53857,23.58895906
1481.336702,23.69191295
1484.134835,23.28863626
1486.932967,22.40647848
1489.7311,23.60075271
1492.529232,28.86130582
1495.327365,26.5867884
1498.125498,22.41912021
1500.92363,23.12645591
1503.721763,23.15485696
1506.519895,23.9445874
1509.318028,27.21925433
1512.217056,26.93973202
1515.117621,25.41847585
1518.018186,26.64499449
1520.918751,28.6179231
1523.819316,28.39319081
1526.719881,27.62819449
1529.620446,26.93088766
1532.521011,26.88566325
1535.421576,25.71768425
1538.322141,24.08725092
1541.222706,24.69370682
1544.123271,24.57424488
1547.023836,24.16504908
1549.924401,23.80689633
1552.824966,24.08987953
1555.725531,23.22612887
1558.626096,24.15375039
1561.526661,24.45370787
1564.427226,23.57264068
1567.327791,24.34086273
1570.228356,23.19602913
1573.128921,21.03975669
1576.029486,21.03002388
1578.930051,22.01298976
1581.830616,23.76168635
1584.731181,23.33586562
1587.72945,23.86397953
1590.854621,23.40065669
1593.979792,22.77234777
1597.104964,22.94496614
1600.230135,21.88352257
1603.355307,21.26284646
1606.480478,21.64681654
1609.605649,21.5560147
1612.730821,21.81662047
1615.855992,21.85884724
1618.981164,23.04585354
1622.106335,24.80759528
1625.231506,25.08335276
1628.356678,24.15218766
1631.481849,22.31115354
1634.607021,21.65214646
1637.732192,20.95582756
1640.857363,20.3026979
1643.982535,20.16583386
1647.107706,20.15490446
1650.232878,22.52368136
1653.358049,23.30304803
1656.48322,22.92316404
1659.608392,22.62621286
1662.733563,23.13785984
1665.858735,25.38195407
1669.74847,25.33710367
1673.713822,23.94155748
1677.679174,23.08874724
1681.644526,23.67620866
1685.609878,24.27402283
1689.57523,23.75909948
1693.540582,22.34865853
1697.505933,23.20859449
1701.471285,23.57973045
1705.436637,23.99556247
1709.401989,23.83857087
1713.367341,23.06677585
1717.332693,22.0279748
1721.298045,23.18105748
1725.263397,24.40377454
1729.228749,22.77901575
1733.194101,21.74988976
1737.159452,22.29485039
1741.124804,22.09318688
1745.090156,22.78982756
1749.055508,22.52320026
1753.02086,20.50173097
1756.986212,20.2808811
1760.951564,22.69946955
1764.916916,23.28949396
1768.882268,21.68941969
1772.847619,20.59129423
1776.812971,21.11519606
1780.778323,22.6688811
1784.743675,21.9265
1788.709027,21.8546958
1792.674379,22.08645984
1797.760396,22.12731811
1803.641414,21.98649108
1809.522432,21.52658425
1815.40345,21.7845853
1821.284468,23.1508189
1827.165486,22.97039449
1833.046504,23.80514672
1838.927522,25.26095197
1844.80854,25.60124409
1850.689558,25.09624672
1856.570576,25.16139948
1862.451594,25.27045354
1868.332612,24.74149239
1874.21363,22.98322415
1880.094648,21.55251654
1885.975666,21.59477454
1891.856684,22.5592601
1897.737702,25.54155197
1903.61872,25.41534856
1909.499738,24.79334593
1915.380756,23.49366614
1921.261774,22.28355879
1927.142792,22.50589423
1933.02381,21.97544803
1938.904828,22.15189895
1944.785846,22.12350157
1950.666864,23.29155512
1956.547882,22.36671522
1962.4289,22.87040945
1968.309918,24.44158425
1974.190936,24.43797402
1980.071954,24.31498609
1985.952972,24.12112677
1991.83399,24.77725223
1997.715008,24.30011785
2003.596027,23.44468583
2009.477045,23.07335774
2015.358063,23.36081864
2021.239081,24.17136457
2027.120099,24.1377063
2033.001117,23.73422782
2038.882135,24.34891654
2044.763153,24.31396903
2050.644171,24.51366168
2056.525189,24.25183386
2062.406207,23.92105643
2068.287225,26.3349147
2074.755837,27.17636063
2081.987646,25.18871312
2089.219455,24.52813517
2096.451264,25.82458898
2103.683074,26.77339186
2110.914883,25.87979029
2118.146692,25.24512362
2125.378501,25.36204409
2132.61031,25.91418058
2139.842119,25.90170079
2147.073928,24.72235433
2154.305738,24.72440787
2161.537547,25.0868748
2167.937844,24.76969186
2174.202779,23.4296
2180.467714,22.89310079
2186.732649,24.41522021
2192.997584,25.86984908
2199.262519,25.95429921
2205.527455,26.43536247
2211.79239,25.71453412
2218.057325,23.98801969
2224.32226,23.65437664
2230.587195,24.72578871
2236.85213,25.43005669
2243.117065,25.81638871
2249.382,25.65208898
2255.646935,25.41323937
2261.91187,25.63215354
2268.176805,26.71225328
2274.44174,27.17008346
2280.706675,27.07627979
2286.648083,26.33412887
2292.382645,26.74966693
2298.117207,28.19260971
2303.85177,28.08464147
2309.586332,26.1683748
2315.320894,25.30032231
2321.055456,23.72471286
2326.790018,24.6986874
2332.524581,26.1163252
2338.259143,26.74427297
2343.993705,27.19430079
2349.728267,26.30473543
2355.462829,22.92681234
2361.197392,23.3960874
2366.931954,24.83659344
2372.666516,25.92176509
2378.936528,24.9295748
2386.269447,22.69287349
2393.602366,20.46074331
2400.935286,20.19679449
2408.268205,21.79784436
2415.601124,22.03219921
2422.934043,20.33055197
2430.266963,22.40237349
2437.599882,23.85459265
2444.932801,25.91251969
2452.26572,25.72004724
2459.59864,24.78081942
2466.931559,22.83226614
2474.264478,22.9421916
2481.597398,23.51985144
2488.930317,23.8414126
2496.263236,24.5154979
2503.596155,25.56227008
2510.929075,25.96648898
2518.261994,23.05459449
2525.594913,21.0033315
2532.927832,20.09323543
2540.260752,21.51045774
2547.593671,23.00989344
2555.055245,24.01467244
2563.083593,25.01085381
2571.111942,23.42161234
2579.140291,22.64670157
2587.16864,22.05724173
2595.196989,21.87523333
2603.225338,22.2101252
2611.253687,21.85904514
2619.282036,21.66135801
2627.310385,21.91125354
2635.338734,22.82298163
2643.367083,23.4106357
2651.395431,22.37392913
2659.42378,21.87797008
2667.452129,23.18074856
2675.480478,24.52065827
2683.508827,25.96541417
2691.537176,24.5074622
2699.565525,23.92750157
2707.593874,23.17623675
2715.622223,21.8002357
2723.650572,20.93977638
2731.678921,22.42415958
2739.707269,24.97385197
2747.735618,26.42232362
2755.763967,27.03897139
2763.792316,26.56191627
2771.820665,23.12669134
2779.849014,22.55278399
2787.877363,24.4819189
2795.905712,23.6008937
2803.934061,24.89388478
2812.308478,27.51276142
2824.40822,28.3814063
2836.507962,26.43423596
2848.607704,25.3643336
2860.707446,26.3721748
2872.807188,25.65058688
2884.90693,24.28343727
2897.006672,25.18774173
2909.106414,24.96899606
2921.206156,24.98220866
2933.305899,26.35921969
2945.405641,26.53724173
2957.505383,25.89652152
2969.605125,25.30890472
2981.704867,23.57379711
2993.804609,24.6623273
3005.904351,27.40832756
3018.004093,28.01697087
3030.103835,26.40297087
3042.203577,25.93392283
3054.303319,24.72599396
3066.403061,25.8377378
3078.502803,28.44650472
3090.602545,29.56845748
3102.702287,28.00676693
3114.802029,28.39008583
3126.901771,27.18705853
3139.001513,27.52357874
3151.101255,28.88282283
3163.177711,28.85796037
3172.948784,28.60123727
3182.719857,27.99449449
3187.605393,27.70900105
3192.49093,28.17061155
3197.376467,28.90389764
3202.262003,31.5054273
3207.14754,33.60384304
3212.033076,33.36767165
3216.918613,31.93477822
3221.804149,31.89344409
3226.689686,31.81281181
3231.575222,34.63181286
3236.460759,36.74516115
3241.346295,35.64393465
3246.231832,32.80931942
3251.117369,29.74792598
3256.002905,28.57302677
3260.888442,27.54198215
3265.773978,28.91348661
3270.659515,31.58716929
3280.430588,31.06603123
3290.201661,29.3889958
3299.972734,27.77253622
3309.743807,26.49474829
3319.51488,26.30146168
3326.170127,26.43395512
3332.608766,27.07265013
3339.047405,29.80526404
3345.486044,31.32226772
3351.924683,29.95390472
3358.363322,27.91807533
3364.80196,28.29711575
3368.02128,28.37750709
3371.240599,29.99937664
3374.459919,29.90509843
3377.679238,29.61926929
3380.898558,30.44876929
3384.117877,32.96169528
3387.337196,34.38224252
3390.556516,33.5373769
3393.775835,33.12277323
3396.995155,30.08143386
3400.214474,28.5603853
3403.433794,29.21898898
3406.653113,31.1598105
3409.872432,32.57004462
3413.091752,33.06737795
3416.311071,32.71548451
3419.530391,32.71702913
3422.74971,33.15827008
3425.96903,32.42356903
3429.188349,31.02563097
3432.407668,29.44546614
3438.846307,28.74234882
3445.284946,28.49956037
3451.723585,27.3741378
3458.162224,26.24774409
3464.600863,25.85063386
3471.615545,26.55708189
3478.926977,24.03453333
3486.238408,23.14884514
3493.54984,23.81616378
3500.861272,26.06376955
3508.172704,27.98313701
3515.484135,28.25342992
3522.795567,27.69917507
3530.106999,27.78603963
3537.418431,26.87806457
3544.729862,27.63953648
3552.041294,27.50092126
3559.352726,26.7577
3566.664158,27.54358084
3573.975589,28.85022388
3581.287021,29.84714961
3588.598453,30.88550394
3595.909885,32.03586824
3603.221316,29.41523465
3606.877032,27.34215197
3610.532748,28.72913097
3614.188464,31.39629921
3616.016322,32.14001496
3617.84418,31.30794987
3619.672038,30.22941969
3621.499896,30.22794488
3623.327754,31.52686299
3625.155612,34.43391496
3626.983469,35.19573648
3628.811327,33.52714094
3630.639185,33.97015591
3632.314628,36.48347139
3635.405841,37.2692105
3638.497054,34.94347795
3641.588268,33.65176667
3644.679481,33.76911076
3647.770695,33.92779449
3650.861908,33.90670052
3653.953121,35.35046824
3657.044335,38.94838031
3660.135548,39.89140814
3663.226762,39.62105932
3666.317975,40.49105118
3669.409188,42.07343963
3672.500402,43.55878845
3675.591615,43.94850157
3678.682828,42.31143386
3681.774042,38.5954063
3684.865255,35.92495591
3687.956469,33.90803097
3689.502075,32.62403255
3691.047682,33.4823252
3692.593289,35.04478924
3694.138895,35.28432178
3697.230109,32.95910787
3700.321322,33.89562546
3701.866929,37.07724488
3703.412536,40.98918819
3707.51784,40.75140341
3713.34984,40.18191417
3719.18184,39.73123543
3725.01384,38.28075013
3730.84584,37.80274882
3736.67784,39.80795984
3742.50984,41.5726231
3748.34184,43.98215302
3754.17384,47.56004803
3760.00584,47.03910892
3765.748428,44.31548819
3771.338772,42.55106299
3776.929117,41.41513176
3782.519462,41.97131864
3788.109807,44.27646614
3793.700152,46.08480604
3799.290497,44.07939239
3804.880841,41.70080866
3810.471186,40.7661336
3816.061531,43.4169315
3821.651876,46.87837559
3827.242221,48.96033806
3832.832566,46.58734121
3838.42291,42.24609449
3844.013255,38.87499055
3849.6036,35.45311732
3855.193945,34.10967795
3860.78429,33.92974751
3866.374634,34.97528688
3871.964979,37.28381024
3877.555324,40.37721864
3888.736014,41.95819003
3899.916703,40.9321811
3911.097393,37.73318189
3922.278083,36.10379711
3927.868428,33.03874803
3933.458772,31.89645643
3939.049117,32.51299396
3944.639462,33.94336063
3950.229807,36.05639475
3955.820152,36.0635832
3961.410497,35.76661811
3966.744515,38.18517979
3970.198807,42.81846273
3973.6531,45.00914016
3977.107392,45.20456063
3980.561684,42.92471286
3984.015977,41.09548031
3987.470269,40.53663543
3990.924561,39.10971785
3994.378854,36.52051181
3997.833146,34.92443123
4001.287439,33.88062126
4004.741731,33.95366929
4008.196023,39.38375144
4011.650316,42.13034357
4015.104608,40.55244724
4018.5589,42.72300394
4022.013193,46.18645696
4025.467485,46.11617717
4028.921777,46.73519816
4032.37607,43.24856824
4035.830362,38.39926378
4039.284654,35.42856168
4042.591975,34.90235171
4045.788423,37.01966142
4048.984872,39.83936903
4050.583096,40.37684331
4052.18132,43.57502992
4053.779544,44.53434751
4055.377768,39.60885538
4056.975992,34.74874724
4058.574216,37.36832677
4061.770664,40.61708714
4064.967112,42.60425591
4068.16356,41.84097297
4069.761784,39.4678643
4071.360008,35.68227874
4072.958232,35.04808031
4074.556456,37.76133937
4077.752904,37.5733748
4080.949352,35.70706667
4087.342249,34.77117113
4093.735145,36.13045039
4100.128041,35.11404357
4106.520937,33.77577454
4109.717385,33.23465512
4112.913833,34.53579423
4116.110281,35.36870761
4119.30673,36.25159055
4122.503178,39.19621522
4125.699626,41.0349231
4128.896074,41.84604488
4132.092522,42.74997874
4135.28897,43.06086614
4138.485418,41.64180079
4141.681866,40.81646693
4144.878314,37.79325617
4148.074762,34.82789449
4149.672986,34.67980814
4151.27121,34.5259748
4154.467658,35.24244094
4157.664107,35.48508478
4161.20835,34.82086562
4164.76335,34.43835433
4168.31835,35.21243543
4171.87335,36.50465853
4175.42835,36.55990787
4178.98335,36.17457743
4182.53835,35.1129706
4186.09335,36.74226929
4189.64835,38.96678373
4193.20335,36.72317165
4196.75835,34.58052598
4200.31335,35.13446483
4203.86835,35.1411378
4207.42335,35.54245748
4210.97835,36.50205538
4214.53335,36.46402808
4218.08835,39.02018031
4225.19835,41.28408136
4231.271784,38.58155643
4236.244535,36.88520472
4241.217285,36.74154462
4246.190036,37.30937717
4251.162787,39.98772677
4256.135537,42.89983307
4261.108288,45.64332703
4266.081039,46.18905827
4271.053789,46.29824961
4276.02654,46.6529084
4280.99929,41.76515276
4285.972041,37.77817218
4290.944792,41.22130971
4295.917542,43.57093071
4300.890293,43.94887585
4305.863044,42.45883438
4310.835794,41.01650709
4313.32217,40.33830787
4315.808545,38.40131785
4320.781296,36.66022913
4323.267671,37.03729475
4325.754046,39.9833189
4328.240422,40.46621339
4330.726797,37.90174541
4333.213172,38.47923885
4335.699548,40.88191575
4338.185923,40.96117297
4340.672298,36.54996509
4343.158674,33.1913378
4345.645049,35.58516745
4348.131424,35.14316483
4350.617799,34.87408583
4353.104175,37.2657748
4355.59055,38.41092651
4360.563301,37.95209843
4363.049676,39.56031444
4365.536051,41.60105984
4368.022427,41.96381969
4370.508802,43.54499921
4372.995177,48.66545066
4376.021443,51.87043701
4379.378608,51.935279
4382.735774,51.37446982
4386.092939,50.40910236
4389.450105,49.5707853
4392.80727,47.79859239
4396.164436,44.52264331
4399.521601,41.10514199
4402.878767,39.53490682
4406.235932,44.11211732
4409.593098,50.11088688
4412.950263,52.56043465
4416.307429,49.05772283
4419.664594,42.99296273
4423.02176,39.30678898
4426.378925,38.41606142
4429.736091,39.25185249
4433.093256,42.09447139
4436.450422,43.43627874
4439.807588,41.77194803
4443.164753,38.82089764
4446.521919,38.43495669
4449.879084,37.99626903
4453.23625,35.28309528
4456.593415,35.84259921
4459.950581,36.65559974
4463.307746,35.48822047
4466.664912,35.34847717
4470.022077,38.57922992
4473.379243,38.01435276
4476.736408,37.39995276
4483.450739,43.49657638
4486.807905,46.45836903
4490.16507,46.06060945
4493.522236,45.43092283
4496.879401,48.09136142
4500.236567,45.20803228
4503.593732,40.96278556
4506.950898,41.6612294
4510.308063,43.78912441
4513.665229,43.42972861
4517.022395,41.28046352
4520.37956,39.2922
4523.736726,38.7198979
4527.093891,40.69369921
4530.451057,43.10686457
4533.808222,42.63338451
4537.165388,38.7655
4540.522553,36.00345118
4543.879719,35.1051979
4547.236884,37.769079
4550.59405,41.9862874
4553.951215,43.16238451
4557.308381,41.2592399
4560.665546,39.72306457
4564.022712,37.46696063
4567.379877,36.48036667
4570.737043,37.20916614
4574.094208,38.08245853
4577.451374,36.26085643
4580.808539,34.89962283
4584.165705,33.09196824
4587.52287,32.65579974
4590.880036,34.47127795
4594.237201,36.25046037
4597.594367,38.88130971
4600.951533,40.05922047
4604.308698,36.5981853
4607.665864,33.34732966
4611.023029,32.89752362
4614.380195,33.90550289
4617.73736,34.86733806
4621.094526,34.90232283
4624.451691,36.97134882
4627.808857,38.11943911
4631.166022,37.51328346
4634.523188,38.0444748
4637.880353,35.47722966
4641.237519,33.42162835
4644.594684,34.01588688
4647.95185,35.33321916
4651.309015,37.02317244
4654.666181,35.80287323
4658.023346,35.93865801
4661.380512,38.13638031
4664.737677,38.01350525
4668.094843,38.29284803
4671.452008,39.12562362
4674.809174,38.55575617
4678.16634,36.52967218
4681.523505,35.71636299
4684.880671,36.02513675
4688.237836,35.30014882
4691.587672,36.5291378
4694.840126,37.02404908
4698.092579,35.56234199
4701.345033,35.30721102
4704.597487,36.77527927
4707.84994,36.86452703
4711.102394,36.87813543
4714.354848,38.46286509
4717.607302,40.48800656
4720.859755,39.9154252
4724.112209,39.04874541
4727.364663,41.38175853
4730.617117,46.54253622
4733.86957,49.87743123
4737.122024,53.09655433
4740.374478,52.48265433
4743.626932,50.26364016
4746.879385,49.92911759
4750.131839,46.87622362
4753.384293,46.90758215
4756.636747,47.14237428
4759.8892,45.60770236
4763.141654,41.84875066
4766.394108,39.26035801
4769.646562,38.12103701
4771.272788,38.14153255
4772.899015,37.5944021
4776.151469,35.52188504
4779.403923,34.96704514
4782.656377,36.80645512
4785.90883,38.15158189
4789.161284,40.29927585
4792.413738,42.14485853
4795.666191,42.07605512
4798.918645,40.39706719
4802.171099,36.06832362
4805.423553,32.48416614
4808.676006,31.28623255
4811.92846,31.82218504
4815.180914,31.25946693
4818.433368,32.34633176
4821.685821,31.96450919
4824.938275,31.24740472
4828.190729,33.41015932
4831.443183,36.0670979
4834.695636,35.2599252
4837.94809,34.10110472
4841.200544,35.2881769
4844.452998,37.38026299
4847.705451,36.72587323
4850.957905,36.76356929
4854.210359,36.46678189
4855.836586,37.12429291
4857.462813,35.96383465
4859.089039,31.58793543
4860.715266,31.1790601
4862.341493,36.54867795
4863.96772,40.41367953
4865.593947,39.78320525
4867.220174,37.6427769
4870.472628,37.51981102
4873.725081,37.83354803
4876.977535,38.74937454
4880.229989,37.88851575
4883.482442,35.50381916
4886.734896,34.04090577
4889.98735,36.47235984
4893.239804,38.6762399
4896.038455,36.79269711
4898.797646,31.74781024
4901.556836,30.60084042
4904.316027,29.30026089
4907.075218,30.47280315
4909.834408,30.80532441
4912.593599,33.34465249
4915.352789,34.5031252
4918.11198,35.51656719
4920.87117,34.40155617
4923.630361,33.91029291
4926.389551,32.74831785
4929.148742,32.53614462
4931.907933,31.6945
4934.667123,30.77685092
4937.426314,29.32918688
4940.185504,29.63651102
4942.944695,30.97692703
4945.703885,31.62148189
4948.463076,29.87463071
4951.222266,30.16051575
4953.981457,29.13586483
4956.740648,28.6235
4959.499838,29.13690052
4962.259029,31.36097717
4965.018219,33.48105984
4967.77741,33.14740919
4970.5366,31.80929213
4973.295791,31.04652283
4976.38022,31.62971969
4980.344,31.86101155
4984.30778,30.65092126
4988.271559,29.84102205
4992.235339,30.15109816
4996.199118,33.03216378
5000.162898,33.52730289
5004.126677,33.70563255
5006.108567,33.50201969
5008.090457,32.28602493
5010.072346,32.79279029
5012.054236,34.67484016
5014.036126,35.68225958
5016.018016,35.95115564
5017.999906,37.15140945
5019.981795,36.46927822
5021.963685,36.39698136
5023.945575,36.06754016
5025.927465,36.56771969
5027.909354,36.1802643
5029.891244,34.0220622
5031.873134,33.08738504
5033.855024,34.67754226
5035.836913,37.16005039
5037.818803,38.64627507
5039.800693,38.63113701
5041.782583,37.92185433
5043.764472,39.62759291
5045.746362,40.96739895
5047.728252,38.77970157
5051.692031,37.27170157
5055.655811,39.59706404
5057.637701,44.58781575
5059.619591,44.56937979
5061.60148,44.44325249
5063.58337,44.63977953
5065.56526,43.28253071
5067.54715,41.10723753
5069.529039,38.27035827
5071.510929,36.03205722
5073.492819,37.29928609
5075.474709,40.64868346
5077.456598,42.37464803
5079.438488,42.83459055
5081.420378,41.6080315
5083.402268,41.07162178
5087.366047,43.1348601
5091.329827,45.49791732
5095.293606,44.26965906
5099.257386,46.0438378
5103.221165,47.81167559
5107.184945,47.08380472
5111.148724,44.11228714
5115.112504,45.37325827
5117.094394,48.05187087
5119.076283,48.49604121
5121.058173,46.15409213
5123.040063,42.96905801
5125.021953,39.11042126
5127.003843,35.79470157
5128.985732,33.77049528
5130.967622,33.58600131
5132.949512,36.26195039
5134.931402,36.37651785
5136.913291,33.83895144
5138.895181,34.99067087
5140.877071,37.30509869
5142.858961,39.17997743
5144.84085,41.19157087
5146.82274,44.01241076
5148.80463,44.56748058
5150.78652,44.46864094
5152.816839,43.58792441
5154.8744,42.00594541
5156.931961,39.6940685
5158.989522,37.25539921
5161.047083,37.85787165
5163.104644,43.30605669
5165.162205,45.47853281
5167.219766,44.26817585
5169.277327,42.78759843
5171.334888,41.46279685
5173.392449,37.41104357
5175.45001,34.03707165
5177.507571,32.92807795
5179.565132,34.5305315
5181.622693,38.36981811
5183.680254,40.91150026
5185.737815,35.65362625
5187.795376,31.18316929
5189.852937,32.29052467
5191.910498,37.5430706
5193.968059,40.39418425
5196.02562,36.88904383
5198.08318,33.17427953
5200.140741,30.5903622
5202.198302,29.70009764
5204.255863,28.39753438
5208.370985,27.4577252
5212.486107,29.35915564
5216.601229,30.13915669
5220.716351,30.49670472
5224.831473,30.04582283
5228.946595,29.03848084
5233.061717,27.37295512
5237.176839,28.1592895
5241.291961,29.4381336
5245.407083,28.64195512
5249.522205,28.34002021
5253.637327,28.5475748
5255.694888,32.0134685
5257.752449,33.43336667
5259.81001,33.23281575
5261.867571,33.91786142
5263.925132,36.79132861
5265.982693,39.87444068
5268.040254,40.57455354
5270.097815,38.41501916
5272.155376,37.50016352
5274.212937,37.25292441
5276.270498,35.66656168
5278.328059,36.81263255
5280.38562,37.3651378
5282.44318,37.29245906
5284.500741,38.52991339
5286.558302,41.37614961
5288.615863,40.04873176
5290.673424,37.53716247
5292.730985,34.41771575
5294.788546,34.70840971
5296.846107,32.59082336
5298.903668,29.75294094
5300.961229,30.52558793
5303.01879,31.77460367
5305.076351,33.94910866
5307.133912,36.99398425
5309.191473,38.74915328
5311.249034,40.34760472
5313.306595,41.29185617
5315.364156,39.13510157
5317.421717,39.6029189
5319.479278,38.51045722
5321.536839,36.67388924
5323.5944,34.3717874
5325.651961,36.01420656
5327.709522,37.03856089
5329.767083,37.10321181
5331.824644,36.22734409
5333.882205,38.47284331
5335.939766,38.70131575
5337.997327,35.56895932
5340.054888,32.19397927
5342.112449,31.97238346
5344.17001,33.7463315
5346.227571,36.00603386
5348.285132,37.03663543
5350.342693,36.21000814
5352.400254,33.52782047
5354.457815,30.5372063
5356.515376,28.71574934
5358.572937,30.31803543
5360.630498,35.17854567
5362.725802,36.75338058
5365.052963,36.37872913
5367.380123,35.58366142
5369.707284,33.42326063
5372.034444,31.57441181
5374.361605,33.51716457
5376.688765,38.88482782
5379.015926,42.63970184
5381.343086,43.27648661
5383.670247,44.13282782
5385.997407,44.29502152
5388.324568,43.48951417
5390.651728,40.75954226
5392.978889,40.13073648
5397.63321,38.27318661
5402.287531,30.64380709
5406.941852,26.47768793
5411.596173,28.10965906
5416.250494,28.04447612
5420.904815,29.09346194
5425.559136,31.12691102
5430.213457,30.70446352
5434.867778,31.22544147
5439.46509,33.3632811
5443.965335,35.96425748
5448.465579,40.62534252
5452.965824,45.9428189
5457.466068,47.75169108
5459.716191,44.1822895
5461.966313,39.77007638
5466.466557,40.09362283
5470.966802,41.11176903
5475.467046,44.37569291
5479.967291,47.05766562
5484.467535,48.0409706
5488.96778,49.10433465
5493.468024,48.48040814
5497.968269,49.92475722
5502.468513,48.8368315
5506.968758,45.17184882
5511.469002,42.82359738
5515.969247,42.97521102
5520.469491,44.55095696
5524.969736,44.94061102
5529.46998,46.70679291
5534.209055,50.14671102
5538.968898,51.00698583
5543.72874,50.82812913
5548.488583,48.06872546
5553.248425,43.38793753
5558.008268,39.57281339
5562.76811,38.4931021
5567.527953,40.64665197
5572.287795,41.79509055
5577.047638,42.8978916
5581.80748,44.40725118
5586.567323,42.16528346
5591.120279,39.94919318
5594.93973,37.95272441
5598.759182,35.39254961
5602.578633,36.25626194
5604.488358,39.18622598
5606.398084,39.93552362
5608.307809,40.41503491
5610.217535,40.90496115
5614.036986,40.78175433
5617.856437,42.29911496
5619.766163,42.01201522
5621.675888,40.23945039
5623.585614,39.85617533
5625.495339,42.3880126
5627.405065,45.39467717
5629.314791,47.40514121
5631.224516,49.97724646
5633.134242,50.11688425
5635.043967,48.03142073
5636.953693,50.12473333
5640.773144,48.4883748
5644.592595,45.78139186
5648.412046,42.91711365
5652.231497,39.16044961
5656.050948,38.1558
5659.8704,38.22473045
5663.689851,38.49203543
5667.509302,38.1343748
5671.328753,35.03082572
5675.148204,33.21887087
5682.787106,34.45244698
5690.426009,36.49945853
5698.064911,34.1419126
5705.703813,32.30662861
5713.342715,32.20423202
5720.981618,32.07217165
5728.62052,31.44413885
5736.259422,32.07654724
5743.898324,34.24068268
5751.537227,36.48243176
5759.176129,36.27855774
5766.815031,35.41985118
5774.453933,35.6867189
5778.273385,36.15921444
5782.092836,36.36602283
5785.912287,37.34209921
5789.731738,36.87666404
5793.551189,36.36103622
5797.37064,36.85975722
5801.190091,38.75440394
5805.009542,38.48256299
5808.828994,37.66156562
5812.648445,38.65736824
5816.467896,39.08259528
5820.287347,37.05894068
5824.106798,36.86234226
5827.926249,37.29384016
5831.7457,37.54517638
5835.565152,37.85987874
5839.384603,36.54284724
5843.204054,35.53502362
5847.023505,37.51791601
5850.842956,40.28777874
5854.662407,41.31144541
5858.481858,41.99890997
5862.301309,41.59647717
5866.120761,41.71532992
5869.940212,43.54659711
5873.759663,45.71765197
5877.579114,44.02098478
5881.398565,42.379921
5885.218016,41.17381496
5889.037467,38.95791995
5892.856918,37.00421181
5896.67637,35.67653465
5900.495821,36.27702861
5904.315272,35.68448924
5908.134723,36.7179126
5911.954174,38.29119606
5915.773625,39.36277454
5919.593076,38.48727559
5923.412527,36.99206194
5927.231979,38.64046037
5931.05143,38.42336693
5934.870881,39.59806089
5938.690332,41.59593045
5942.509783,41.49931575
5946.329234,41.45469685
5950.148685,41.97922047
5953.968137,41.06673071
5957.787588,38.1192315
5961.607039,35.72459318
5965.42649,36.25229134
5969.245941,37.79285302
5973.065392,38.41346247
5976.884843,36.44797559
5984.523746,35.58692047
5992.162648,36.00128399
5999.80155,35.20148031
6007.440452,35.8205685
6015.079355,34.99859344
6022.718257,32.59558031
6030.357159,30.67586824
6037.996061,33.66354882
6045.634964,35.58138504
6053.273866,36.34770551
6060.912768,35.96349895
6068.55167,36.11108425
6076.190573,38.58205171
6083.829475,39.00915171
6091.468377,39.77447559
6099.107279,41.11222782
6106.746182,40.91583675
6114.385084,37.5598063
6122.023986,35.29434068
6129.662888,35.58070735
6137.301791,34.30568898
6144.940693,33.2061685
6152.579595,34.72802966
6160.218498,34.6081
6167.8574,32.33029948
6175.496302,29.79231785
6183.135204,30.48660236
6190.774107,33.10734514
6198.413009,34.09293858
6206.051911,35.20427087
6213.690813,34.95250971
6221.329716,34.02608373
6228.968618,33.14018661
6236.60752,32.35174226
6244.246422,30.04841286
6251.885325,29.66183543
6259.524227,30.26319291
6267.163129,30.87152362
6274.802031,30.38434882
6282.440934,32.45035276
6290.079836,36.34263465
6297.718738,37.82220709
6305.35764,35.65909134
6312.996543,34.71278688
6320.635445,33.98445433
6324.454896,34.01342756
6328.274347,35.5967294
6332.093798,37.71630236
6335.913249,40.31952861
6339.732701,41.53469344
6343.552152,44.1243
6347.371603,45.79631837
6351.191054,45.80346588
6355.010505,48.49386614
6358.829956,56.80519449
6362.649407,60.09864961
6366.468858,57.35280157
6370.28831,54.30719186
6374.107761,52.76211312
6377.927212,49.7619315
6381.746663,45.93478609
6385.566114,44.16827533
6389.385565,47.26967165
6393.205016,47.90224121
6397.024468,44.32018241
6400.843919,40.88435827
6404.66337,37.98984908
6412.302272,36.95159659
6419.941174,36.57513307
6427.580077,35.69381129
6435.218979,32.07605696
6442.857881,29.12157402
6450.496783,27.40955092
6458.135686,26.11918268
6465.774588,25.35865039
6473.41349,25.11359003
6481.052392,24.51750971
6488.691295,24.86644803
6496.330197,24.83180971
6503.969099,25.39789318
6511.608001,26.28642283
6519.246904,25.70665906
6526.885806,24.39087454
6534.524708,22.94338425
6542.16361,21.50016955
6549.802513,19.88694908
6557.441415,21.57099213
6565.080317,24.304021
6572.719219,24.39074383
6580.358122,22.70375276
6587.997024,22.03148924
6595.635926,21.04224199
6603.274829,21.1892378
6610.913731,22.89309186
6618.552633,24.4543895
6626.191535,23.38916299
6633.830438,23.56338346
6641.46934,25.43885958
6649.108242,24.93034252
6656.747144,23.23155039
6664.386047,22.95257008
6672.024949,22.56259685
6679.663851,21.49851995
6687.302753,22.49349265
6694.941656,25.43617244
6702.580558,27.22076903
6710.21946,27.82424934
6717.858362,27.73497165
6725.497265,25.6253231
6733.136167,23.84977638
6740.775069,24.31631339
6748.413971,25.07477087
6756.052874,23.90511837
6763.691776,22.00199921
6771.330678,22.41520184
6778.96958,23.24454961
6786.608483,23.49714331
6794.247385,22.71479921
6801.886287,22.01059738
6809.525189,20.8520252
6813.344641,20.95498819
6817.164092,20.41581496
6820.983543,21.0827252
6824.802994,22.02646535
6828.622445,20.26085748
6832.441896,20.00702441
6836.261347,19.94943281
6840.080799,19.6274
6843.90025,19.27565512
6847.719701,19.32966483
6851.539152,19.18592415
6855.358603,19.08672835
6859.178054,20.24675459
6862.997505,21.57771207
6866.816956,20.15047874
6870.636408,20.03367087
6874.455859,20.52619895
6878.27531,19.71893465
6882.094761,18.16474042
6885.914212,17.30815354
6889.733663,17.86098346
6893.553114,18.56137165
6897.372565,19.30180735
6901.192017,20.69744961
6905.011468,20.82792546
6908.830919,20.96713176
6912.65037,20.32228268
6916.469821,19.94874593
6920.289272,22.45663045
6924.108723,23.40423622
6927.928175,21.69056037
6931.747626,20.68514619
6935.567077,20.18736772
6939.386528,20.0051916
6947.02543,20.58563045
6954.664332,20.08759449
6962.303235,20.56763438
6969.942137,19.8042748
6977.581039,20.85552047
6985.219941,23.52857795
6992.858844,24.71220315
7000.497746,24.6164315
7008.136648,24.51529449
7015.77555,24.62390105
7023.414453,25.10898504
7031.053355,24.65914252
7038.692257,24.23621759
7046.33116,22.55410315
7053.970062,21.19696247
7061.608964,20.71702861
7069.247866,20.53338976
7076.886769,20.61565118
7084.525671,20.74424751
7092.164573,22.47776772
7099.803475,22.4995231
7107.442378,21.27386483
7115.08128,21.6161378
7122.720182,21.68296667
7130.359084,21.83481837
7137.997987,23.71607244
7145.636889,22.85262887
7153.275791,21.89114462
7160.914693,22.75576929
7168.553596,23.94176194
7176.192498,23.74178819
7183.8314,25.34567795
7191.470302,25.60938451
7199.109205,25.65748976
7206.748107,24.16374252
7214.387009,22.71706798
7222.025911,22.14681496
7229.664814,23.34865039
7237.303716,24.38138898
7244.942618,23.00838924
7252.58152,21.9611315
7260.220423,23.27610341
7267.859325,22.7171063
7275.498227,22.06534252
7283.13713,20.8218937
7290.776032,20.59343963
7294.595483,21.40170945
7298.414934,21.05801234
7302.234385,20.15516929
7306.053836,18.76611417
7309.873287,19.59806929
7317.51219,20.64531837
7325.151092,22.11037874
7332.789994,21.59451601
7340.428896,22.47545459
7348.067799,22.87330236
7355.706701,23.92737585
7363.345603,23.76575696
7370.984506,23.07679843
7378.623408,22.47293753
7386.26231,21.72224619
7393.901212,22.74645827
7401.540115,23.49881102
7409.179017,24.06665617
7416.817919,22.16685039
7424.456821,21.0647294
7432.095724,21.67414541
7439.734626,22.70177165
7447.373528,22.19415354
7455.01243,21.31069475
7462.651333,21.32099921
7470.290235,21.27470682
7477.929137,21.83957034
7485.568039,21.53544882
7493.206942,21.40538714
7497.026393,21.53221234
7500.845844,20.95927638
7504.665295,20.9854315
7508.484746,21.71345249
7516.123648,22.8158748
7523.762551,21.51215722
7531.401453,20.16743386
7539.040355,20.93210787
7546.679257,20.5617168
7554.31816,21.31173675
7561.957062,22.51177244
7569.595964,22.8356958
7577.234866,23.05485591
7584.873769,22.44568346
7592.512671,22.002679
7600.151573,22.81855827
7607.790476,24.20874724
7615.429378,22.86036089
7623.06828,20.88900079
7630.707182,20.91193543
7634.526633,20.74060105
7638.346085,20.76701942
7642.165536,20.68030157
7645.984987,20.32591155
7649.804438,19.89186955
7653.623889,20.10304094
7657.44334,21.05466457
7661.262791,21.17082205
7665.082242,21.28411969
7668.901694,20.77540367
7672.721145,20.84321286
7676.540596,22.56155276
7680.360047,22.9468252
7684.179498,22.74108058
7687.998949,22.22881024
7691.8184,22.02406483
7695.637852,21.50655486
7699.457303,22.01348661
7703.276754,20.6380021
7707.096205,20.02620131
7710.915656,19.97007953
7714.735107,18.42883543
7718.554558,16.96039449
7722.374009,18.6371622
7726.193461,20.07258478
7730.012912,20.36047953
7733.832363,20.15646693
7737.651814,21.36295197
7741.471265,23.20847927
7745.290716,23.16353622
7749.110167,21.85440236
7752.929618,21.00863832
7756.74907,19.86172677
7760.568521,17.6854874
7764.387972,17.98416588
7768.207423,18.57582992
7772.026874,18.75471181
7775.846325,20.97579423
7779.665776,22.43437874
7783.485227,20.90217087
7787.304679,19.7681664
7791.12413,19.8478
7794.943581,17.38931995
7798.763032,16.85175171
7802.582483,17.90196535
7806.401934,19.48346824
7810.221385,20.87225276
7814.040837,20.27865118
7817.860288,20.5158643
7821.679739,20.25379738
7825.49919,19.88294016
7829.318641,20.76622205
7833.138092,21.10186063
7836.957543,21.37089213
7840.776994,19.82039738
7844.596446,19.45416667
7848.415897,19.95507795
7852.235348,20.02232467
7856.054799,19.55894121
7859.87425,19.36431181
7863.693701,18.92430604
7867.513152,19.50982362
7871.332603,20.09752283
7875.152055,20.32879265
7878.971506,21.35959895
7882.790957,21.02189291
7886.610408,19.34741102
7890.429859,19.39486352
7894.24931,19.32331496
7898.068761,19.39041942
7901.888212,18.88870131
7905.707664,20.04688976
7909.527115,21.4661916
7913.346566,21.22423045
7917.166017,21.2537189
7920.985468,22.2604294
7924.804919,22.21540577
7928.62437,21.08513858
7932.443822,19.94105144
7936.263273,19.47103885
7940.082724,19.67654409
7943.902175,19.0097
7947.721626,17.26578294
7951.541077,18.12924409
7955.360528,19.20179475
7959.179979,20.22188924
7962.999431,21.20303307
7966.818882,20.05290184
7970.638333,18.41552336
7974.457784,17.8008126
7978.277235,18.06853071
7982.096686,18.15827874
7985.916137,17.79434252
7989.735588,17.85416903
7993.55504,17.4179769
7997.374491,17.20370787
8001.193942,19.68172336
8005.013393,20.93732021
8008.832844,21.33649213
8012.652295,21.53260341
8016.471746,22.31014042
8020.291197,23.22870709
8027.9301,23.38214698
8035.569002,21.90393281
8043.207904,22.38116693
8050.846807,23.43454436
8058.485709,22.49104357
8066.124611,22.33106378
8073.763513,22.86585066
8081.402416,24.18532572
8089.041318,25.00270236
8096.68022,24.01942152
8104.319122,23.31476614
8111.958025,22.65931969
8119.596927,23.34899423
8127.235829,22.86061365
8134.874731,23.16603701
8142.513634,23.14973937
8150.152536,21.84731759
8157.791438,21.08346929
8165.43034,21.76187979
8173.069243,23.07820919
8180.708145,22.34704488
8188.347047,20.86659974
8195.985949,21.50896772
8203.624852,22.66352598
8211.263754,23.17647612
8218.902656,21.98687165
8226.541558,21.30156693
8234.180461,22.60002625
8241.819363,22.57046772
8249.458265,22.82687087
8257.097168,22.90858478
8264.73607,21.83067927
8272.374972,19.67441811
8280.013874,20.22340394
8287.652777,20.97805958
8295.291679,20.66581811
8302.930581,21.97547454
8310.569483,25.30752572
8318.208386,27.49549843
8322.027837,25.5721357
8325.847288,24.43898451
8329.666739,25.18579921
8333.48619,29.04405591
8337.305641,30.2690811
8341.125092,28.92707165
8344.944543,28.60648373
8348.763995,28.22662152
8352.583446,29.68784567
8356.402897,29.1543853
8360.222348,27.55455801
8364.041799,27.28787559
8367.86125,27.52140892
8371.680701,25.33952651
8375.500153,23.73613858
8379.319604,24.7496189
8386.958506,25.41418635
8394.597408,23.7718063
8402.23631,23.6314021
8409.875213,24.20278268
8417.514115,23.94048031
8425.153017,22.83773911
8432.791919,23.45504436
8440.430822,23.4478811
8448.069724,22.81640472
8455.708626,22.37991365
8463.347528,22.73692677
8470.986431,23.38170735
8478.625333,22.32677139
8486.264235,22.55405984
8493.903138,23.78697585
8501.54204,23.96404147
8509.180942,22.0748315
8516.819844,22.05115381
8524.458747,24.0420042
8532.097649,24.53387402
8539.736551,25.34652625
8547.375453,25.96889108
8555.014356,26.21943307
8562.653258,26.57455564
8566.472709,25.86981969
8570.29216,24.6637
8572.201886,26.03926089
8574.111611,26.84142625
8576.021337,25.89780866
8577.931062,27.21327638
8579.840788,29.00677402
8581.750514,28.74530157
8585.569965,27.43250184
8589.389416,26.75679843
8597.028318,25.73351181
8604.66722,26.20343858
8612.306123,28.38439239
8619.945025,29.27381496
8627.583927,28.35370945
8631.403378,28.80690105
8635.222829,29.73475906
8639.04228,29.45012913
8642.861732,30.63489633
8646.681183,31.63502913
8650.500634,33.37194147
8654.320085,32.74605984
8658.139536,33.31185276
8661.958987,34.98707375
8665.778438,34.67731444
8669.597889,33.09796614
8673.417341,30.86062336
8677.236792,31.12386588
8681.056243,31.83538425
8684.875694,30.83573911
8688.695145,29.28991417
8692.514596,29.79249685
8696.334047,31.27390892
8700.153499,31.33412441
8703.97295,30.64602047
8707.792401,30.71174856
8711.611852,30.67479055
8715.431303,30.23769685
8719.250754,30.73521916
8723.070205,31.72039291
8726.889656,31.21070709
8730.709108,32.43145354
8734.528559,33.84539265
8738.34801,35.94897087
8742.167461,38.47611837
8745.986912,40.27101024
8749.806363,41.29099528
8753.625814,39.35683255
8757.445265,40.05489685
8761.264717,39.69443228
8765.084168,38.63347402
8768.903619,39.39843858
8772.72307,40.44879921
8776.542521,38.50106168
8780.361972,37.88441522
8784.181423,37.7125622
8788.000874,35.96711549
8791.820326,35.85712362
8795.639777,35.89163858
8799.459228,35.37957769
8803.278679,35.60919003
8807.09813,37.13575748
8810.917581,39.09464751
8814.737032,41.91637297
8818.556484,46.51927008
8822.375935,51.29737087
8826.195386,53.51806982
8830.014837,52.15919055
8833.834288,50.68052336
8837.653739,52.96540236
8841.47319,52.76105591
8845.292641,51.40347664
8849.112093,50.15253911
8852.931544,48.62717165
8856.750995,47.66334619
8860.570446,47.06351207
8864.389897,43.50642126
8868.209348,41.58311207
8872.028799,40.51901785
8875.84825,38.09577323
8879.667702,36.77343911
8883.487153,38.37322073
8887.306604,37.41256378
8891.126055,36.82503386
8894.945506,37.58292572
8898.764957,37.31778031
8902.584408,36.75454094
8906.403859,35.07187848
8910.223311,33.4028748
8914.042762,31.75675407
8917.862213,29.91828373
8921.681664,28.19513937
8925.501115,27.67350814
8929.320566,28.52847402
8933.140017,29.63745827
8936.959469,30.84114331
8940.77892,32.27196535
8944.598371,33.62245748
8948.417822,33.05877192
8952.237273,33.26432362
8956.056724,33.40320787
8959.876175,32.703879
8963.695626,32.06794829
8967.515078,32.01538189
8971.334529,32.53116509
8975.15398,34.38541076
8978.973431,34.86905827
8982.792882,33.37901234
8986.612333,33.34213045
8990.431784,34.52168346
8994.251235,33.62259318
8998.070687,34.64657953
9001.890138,35.15272126
9005.709589,33.63604252
9009.52904,34.02724934
9013.348491,33.23699843
9017.167942,32.33787769
9020.987393,32.07395879
9024.806845,32.04267008
9028.626296,31.23774882
9032.445747,29.40516273
9036.265198,29.02277953
9040.084649,28.46722205
9043.9041,30.12051312
9047.723551,31.63058268
9051.543002,31.09951811
9055.362454,30.03079081
9059.181905,30.05297717
9063.001356,30.5837
9066.820807,29.48197244
9070.640258,28.96249685
9074.459709,29.67254934
9082.098611,29.9728853
9089.737514,29.81752835
9097.376416,29.01883858
9105.015318,28.7765748
9112.65422,27.77926614
9120.293123,29.97236693
9127.932025,28.39594672
9135.570927,24.7139063
9143.20983,25.7216853
9150.848732,27.47776877
9158.487634,28.29036457
9166.126536,30.45299764
9169.945987,32.00164199
9173.765439,31.51261417
9177.58489,31.77235722
9181.404341,30.64293176
9185.223792,29.53350709
9189.043243,29.49019134
9192.862694,30.38652073
9196.682145,31.37074331
9200.501596,30.35328556
9204.321048,30.76368924
9208.140499,32.40035591
9211.95995,32.75677848
9215.779401,31.53741417
9219.598852,32.52281575
9223.418303,34.49458583
9227.237754,36.0943315
9231.057205,36.08331102
9234.876657,35.15420604
9238.696108,33.39972756
9242.515559,31.04019685
9246.33501,30.09309738
9250.154461,31.73527402
9253.973912,31.75810551
9257.793363,32.60890105
9261.612815,32.10828215
9269.251717,31.01266535
9276.890619,27.68830131
9284.529521,25.46086063
9292.168424,24.87806693
9299.807326,25.60075722
9307.446228,26.19932047
9315.08513,25.50384646
9322.724033,25.65351181
9330.362935,24.841
9338.001837,22.47792913
9345.640739,21.41957428
9353.279642,22.95198425
9360.918544,23.57899055
9368.557446,25.05653491
9376.196348,27.41055801
9383.835251,27.16827008
9391.474153,27.32429528
9399.113055,28.54564646
9406.751957,29.74560394
9414.39086,31.83648845
9422.029762,32.86734094
9429.668664,32.94747087
9437.307566,34.89450577
9444.946469,34.79411207
9452.585371,32.76764331
9460.224273,29.33137402
9467.863176,28.21950262
9475.502078,29.24982677
9483.14098,28.33396745
9490.779882,28.04945197
9498.418785,27.11405984
9506.057687,27.56899528
9513.696589,28.87849974
9521.335491,28.56224567
9528.974394,29.47607559
9536.613296,30.42435906
9544.252198,30.31746063
9551.8911,30.56014934
9559.530003,33.70003911
9567.168905,34.50482283
9574.807807,32.84751365
9582.446709,32.3450664
9590.085612,30.60584724
9597.724514,29.38567192
9605.363416,29.06751339
9613.002318,30.53767953
9620.641221,34.31279239
9624.460672,35.91015564
9628.280123,32.0482315
9632.099574,28.62653176
9639.738476,30.50354304
9647.377379,30.26607165
9655.016281,30.07950367
9662.655183,31.19648346
9670.294085,31.10328425
9674.113536,31.38901234
9677.932988,32.8452895
9681.752439,32.57336378
9685.57189,31.28074331
9689.391341,31.1578357
9693.210792,31.21794331
9697.030243,30.2363685
9700.849694,29.62158845
9704.669146,29.80502441
9708.488597,29.21475144
9712.308048,28.68625276
9716.127499,28.88308819
9719.94695,29.59594278
9723.766401,30.2937042
9727.585852,30.25454882
9731.405303,29.21737087
9739.044206,30.56845302
9746.683108,30.9883811
9754.32201,31.41354882
9761.960912,33.94175459
9765.780364,35.64717402
9769.599815,34.98750945
9777.238717,33.86806667
9784.877619,32.32958425
9792.516521,30.41627953
9800.155424,28.60931102
9807.794326,28.64145276
9815.433228,28.18164147
9819.252679,29.70822598
9823.072131,31.05614724
9826.891582,31.16711654
9830.711033,32.9106
9834.530484,32.91092756
9838.349935,30.67439606
9842.169386,30.46588031
9845.988837,31.74826772
9849.808288,30.33834199
9853.62774,28.1224916
9857.447191,26.6794874
9861.266642,25.50460682
9865.086093,25.09332047
9868.905544,24.07112677
9872.724995,23.79357612
9876.544446,25.82449396
9880.363897,25.87179055
9884.183349,25.81434436
9888.0028,25.69805171
9891.822251,24.40522283
9895.641702,23.68117034
9899.461153,24.3414832
9903.280604,24.06708268
9907.100055,22.78132205
9910.919507,21.58229843
9914.738958,22.76341496
9918.558409,23.01340341
9922.37786,23.01063176
9926.197311,22.02552913
9930.016762,21.86033045
9933.836213,21.34807848
9937.655664,20.57121339
9941.475116,21.40960919
9945.294567,20.87043228
9949.114018,19.49065748
9952.933469,20.03855774
9956.75292,20.36511417
9960.572371,19.78437008
9964.391822,21.03004462
9968.211273,21.37522047
9972.030725,20.57957559
9975.850176,20.32314409
9979.669627,21.51661916
9983.489078,22.03417559
9987.308529,22.00379396
9991.12798,23.27812887
9994.947431,23.53645906
9998.766882,23.76462283
10002.58633,23.88764016
10006.40578,23.97027402
10010.22524,22.98692152
10014.04469,21.13985801
10017.86414,23.00445906
10021.68359,24.9499
10025.50304,23.46447165
10029.32249,22.61242598
10033.14194,22.83545171
10036.96139,22.20543412
10040.78084,22.67823071
10042.69057,24.12149843
10044.6003,24.66068373
10046.51002,25.66029213
10048.41975,27.86937612
10050.32947,29.68037218
10052.2392,28.18789764
10054.14892,26.60601627
10056.05865,27.27074173
10057.96837,27.10489449
10059.8781,25.86567612
10061.78783,25.90713097
10063.69755,26.95333071
10065.60728,26.92160525
10067.517,27.5668685
10071.33645,28.23305669
10075.15591,28.77887979
10078.97536,28.31302572
10082.79481,27.59422205
10086.61426,27.68724042
10090.43371,29.82965118
10094.25316,31.78812992
10098.07261,30.55332047
10101.89206,27.96730604
10105.71151,26.31962047
10109.53097,26.42750604
10113.35042,27.75186903
10117.16987,29.35232047
10120.98932,30.54167402
10128.62822,31.48723911
10136.26712,31.21639606
10143.90603,29.09651129
10151.54493,27.76289974
10159.18383,28.02719055
10166.82273,29.32250892
10174.46163,31.50005827
10182.10054,31.9901811
10185.91999,31.32530735
10189.73944,30.48509344
10193.55889,28.12012756
10197.37834,27.36245328
10201.19779,27.78830577
10205.01724,26.93322441
10208.83669,27.19812756
10212.65615,27.37737743
10216.4756,26.08964724
10220.29505,26.5582811
10224.1145,28.25294409
10227.93395,28.89377874
10231.7534,28.73748241
10235.57285,29.06515879
10239.3923,29.43217402
10247.03121,31.66290079
10254.67011,32.29922966
10258.48956,31.48756142
10260.39928,32.18831942
10262.30901,33.13442913
10264.21874,33.20315354
10266.12846,33.02574094
10269.94791,33.84559501
10271.85764,32.50687402
10273.76736,31.2396378
10277.58681,30.59501207
10279.49654,30.95853701
10281.40627,33.23432835
10283.31599,35.21801076
10285.22572,36.41227165
10289.04517,37.71361207
10292.86462,40.36292703
10296.68407,40.68830945
10300.50352,39.67423701
10304.32297,38.44170997
10308.14242,38.4225
10311.96188,38.39630604
10315.78133,40.34402782
10319.60078,39.62802362
10323.42023,37.53690131
10327.23968,35.76011129
10334.87858,34.64422992
10342.51748,31.6653895
10350.15639,30.24202205
10357.79529,29.25119055
10365.43419,27.79779738
10373.07309,28.35050131
10380.712,30.09650394
10388.3509,31.92428425
10395.9898,33.07230892
10403.6287,33.77039055
10411.2676,33.36601785
10418.90651,31.78659554
10426.54541,32.6023189
10434.18431,33.58650052
10441.82321,34.65151155
10449.46212,35.63214488
10457.10102,36.01297848
10464.73992,35.08717402
10472.37882,33.56600709
10480.01772,33.39899081
10487.65663,34.37419501
10495.29553,35.5530126
10502.93443,35.90464199
10510.57333,33.93667769
10518.21224,32.11506299
10525.85114,30.4206378
10533.49004,30.99552703
10541.12894,32.01295906
10548.76785,31.46333596
10556.40675,29.79804462
10564.04565,29.08437087
10567.8651,28.04292625
10571.68455,27.78779921
10573.59428,29.02755039
10575.504,29.16458661
10579.32345,27.15453176
10583.14291,26.88994488
10585.05263,26.37430289
10586.96236,26.35109318
10588.87208,26.84202283
10590.78181,27.83809108
10594.60126,26.18790656
10598.42071,22.56450866
10602.24016,22.36599449
10606.05961,23.04499055
10609.87906,23.04773701
10613.69851,22.9282378
10617.51797,24.36318399
10621.33742,25.30802126
10625.15687,24.88939554
10628.97632,24.88350551
10632.79577,25.0171685
10636.61522,25.12319554
10640.43467,26.24264987
10644.25412,26.92988346
10648.07357,27.52190866
10651.89303,25.66693176
10655.71248,24.71947717
10659.53193,24.57557664
10663.35138,23.35994436
10667.17083,23.65394488
10670.99028,25.02152966
10674.80973,23.9846189
10678.62918,23.12414646
10682.44863,24.08055197
10686.26809,25.8742336
10690.08754,25.37092441
10693.90699,25.73749528
10701.54589,27.73209685
10709.18479,26.14854094
10716.82369,25.46874672
10724.4626,25.52115486
10732.1015,26.27366142
10739.7404,26.08222126
10747.3793,26.17378871
10755.01821,27.04065906
10762.65711,27.75156562
10770.29601,26.91707428
10777.93491,26.05945827
10785.57382,26.48389711
10793.21272,25.80584987
10800.85162,25.6496063
10808.49052,27.31183071
10816.12942,28.51950945
10823.76833,27.82496378
10831.40723,27.08545722
10839.04613,26.33795066
10846.68503,27.27145512
10854.32394,28.20528031
10858.14339,27.40997218
10861.96284,25.4256874
10865.78229,25.02882415
10869.60174,24.00560315
10873.42119,22.87250709
10877.24064,23.76904724
10881.06009,23.41592913
10884.87954,23.62348425
10888.699,24.56196509
10892.51845,24.90739396
10896.3379,25.54149134
10900.15735,26.23889843
10903.9768,25.64286693
10907.79625,24.88542913
10911.6157,24.88630315
10915.43515,23.06910105
10919.2546,21.7458937
10923.07406,23.18414147
10926.89351,23.8238231
10930.71296,23.93734882
10934.53241,23.99887113
10938.35186,23.79678661
10942.17131,23.13311417
10945.99076,21.8140643
10949.81021,21.56174961
10953.62966,21.15007008
10957.44912,20.28045538
10961.26857,20.10654514
10965.08802,20.58905827
10968.90747,21.10272388
10972.72692,20.79298661
10976.54637,21.21400236
10980.36582,21.5471
10984.18527,21.63816063
10988.00472,21.81904724
10991.82418,22.72992388
10995.64363,23.30356824
10999.46308,21.36955748
11003.28253,20.03201207
11007.10198,20.50924304
11010.92143,21.27186693
11014.74088,22.69001864
11018.56033,23.57074331
11022.37979,22.21216693
11026.19924,20.68321732
11030.01869,21.29735906
11033.83814,21.20201024
11037.65759,21.39677349
11041.47704,22.19855249
11045.29649,22.65029843
11049.11594,21.50329764
11052.93539,20.11683018
11056.75485,19.72903386
11060.5743,21.53801942
11064.39375,22.02889606
11068.2132,21.36998583
11072.03265,20.71963753
11075.8521,21.06070997
11079.67155,21.2716811
11083.491,20.04249475
11087.31045,19.93025853
11091.12991,22.0428622
11094.94936,23.86451417
11098.76881,23.3971853
11102.58826,22.26691969
11106.40771,23.66067927
11110.22716,24.01731942
11114.04661,23.40782441
11117.86606,21.9596336
11121.68551,20.1513748
11125.50497,19.24073543
11129.32442,19.03870761
11133.14387,20.56898898
11136.96332,21.68672126
11140.78277,21.94325643
11144.60222,23.77076404
11148.42167,24.89888268
11152.24112,24.74366614
11156.06057,24.9765937
11159.88003,25.14334961
11163.69948,24.27092992
11167.51893,22.40179344
11171.33838,23.27970472
11175.15783,24.77387113
11178.97728,23.77923806
11182.79673,22.4639622
11186.61618,21.86379108
11190.43563,21.74124567
11194.25509,23.12397165
11198.07454,24.61030341
11201.89399,23.4074147
11205.71344,23.21604331
11209.53289,23.59887402
11213.35234,23.59376745
11217.17179,23.62792441
11220.99124,24.24414409
11224.81069,25.70457717
11228.63015,25.0137378
11232.4496,24.7778189
11236.26905,24.35388871
11240.0885,23.9974189
11243.90795,23.52659318
11247.7274,24.21751969
11251.54685,25.98614567
11255.3663,25.36465958
11259.18576,23.84955144
11263.00521,22.69704488
11266.82466,24.00257008
11270.64411,24.3799979
11274.46356,25.07935748
11278.28301,25.3092231
11282.10246,24.23704987
11285.92191,22.95496929
11289.74136,21.96017139
11293.56082,19.51007874
11297.38027,18.61791339
11301.19972,19.66646667
11305.01917,22.27551785
11308.83862,21.98522205
11312.65807,21.15664462
11316.47752,22.13001732
11320.29697,23.06257953
11324.11642,23.09226457
11327.93588,22.99770761
11331.75533,21.39362047
11335.57478,20.89061365
11339.39423,20.98924908
11341.30395,19.82831339
11343.21368,19.31204567
11345.12341,20.43783911
11347.03313,21.6657252
11348.94286,23.36231417
11350.85258,24.69407428
11352.76231,24.40756457
11354.67203,26.40934934
11358.49148,27.25580525
11360.40121,26.68527795
11362.31094,26.03639396
11364.22066,26.8122378
11366.13039,26.97994252
11368.04011,26.75843491
11369.94984,26.11835302
11371.85956,24.76186142
11373.76929,26.51131759
11375.67901,29.20617349
11377.58874,29.98172047
11381.40819,30.39565591
11385.22764,31.2236979
11389.04709,32.24401654
11392.86654,35.23496588
11396.686,39.71623727
11398.59572,41.32561102
11400.50545,43.5184958
11402.41517,48.22314803
11404.3249,52.15377008
11406.23462,49.02705328
11408.14435,44.22835118
11410.05407,41.24368976
11411.9638,38.28813885
11415.78325,38.92643333
11419.6027,38.36909843
11423.42215,37.46893701
11427.2416,36.72099974
11431.06106,35.41147323
11432.97078,34.7642643
11434.88051,35.86055853
11436.79023,35.28267402
11438.69996,34.98042887
11440.60968,33.5073
11442.51941,29.34512205
11444.42913,27.77438556
11446.33886,28.16851785
11450.15831,27.84409528
11453.97776,27.52649475
11461.61667,29.79804226
11469.25557,30.83651417
11476.89447,29.43172677
11484.53337,28.23411417
11492.17227,28.06425118
11499.81118,28.94644304
11507.45008,29.44351391
11515.08898,28.4668378
11522.72788,27.04271706
11530.36679,26.13900682
11538.00569,26.41143071
11545.64459,27.46886247
11553.28349,27.99756483
11557.10294,28.25158504
11560.92239,26.53384751
11564.74185,26.26320814
11568.5613,25.56121181
11572.38075,25.06206483
11580.01965,24.96768793
11587.65855,25.07026142
11595.29745,26.86104016
11599.11691,28.70340236
11602.93636,29.00783228
11606.75581,27.22179475
11610.57526,27.96069974
11614.39471,28.67111969
11618.21416,27.84521024
11622.03361,27.6646706
11625.85306,25.07464961
11629.67251,24.04133097
11633.49197,25.97383071
11637.31142,27.19240079
11639.22114,27.75073806
11641.13087,28.48560105
11643.04059,29.9195126
11644.95032,32.68618976
11648.76977,35.06968976
11650.6795,33.55426693
11652.58922,30.83878241
11654.49895,29.71641339
11656.40867,28.71368898
11660.22812,27.85467848
11664.04757,27.78839869
11667.86703,28.87393386
11671.68648,29.76619108
11675.50593,30.0469979
11679.32538,29.37246299
11681.2351,27.80087769
11683.14483,28.63545197
11686.96428,30.41168583
11690.78373,31.12248898
11694.60318,32.25156535
11696.51291,34.77930866
11698.42264,34.47644987
11700.33236,33.48152625
11702.24209,34.57673858
11706.06154,35.37222677
11709.88099,32.95253465
11713.70044,28.49652913
11715.61017,28.09678373
11717.51989,29.00293832
11721.33934,31.25147244
11725.15879,36.67090919
11728.97824,44.24894199
11732.7977,47.79086693
11736.61715,43.56751207
11740.4366,37.55954304
11744.25605,36.15010472
11748.0755,35.58951207
11751.89495,32.9424643
11755.7144,31.79872362
11759.53385,33.16367454
11763.3533,33.92889501
11765.26303,33.09965197
11767.17276,32.50658373
11769.08248,31.87497165
11770.99221,30.3726252
11772.90193,27.49511837
11774.81166,26.22348583
11776.72138,26.1729189
11778.63111,26.15350735
11780.54083,26.92251969
11782.45056,26.85020472
11784.36029,27.34536798
11786.27001,28.33437717
11788.17974,28.90687165
11790.08946,32.09206194
11793.90891,36.93831234
11797.72836,37.8338126
11801.54782,35.15285564
11805.36727,29.57181339
11809.18672,25.17989843
11813.00617,22.33220079
11816.82562,21.16408478
11820.64507,20.20754409
11824.46452,22.5926378
11828.28397,26.93550367
11832.10342,28.9492937
11835.92288,30.53044331
11837.8326,35.27672047
11839.74233,36.70641654
11841.65205,36.57220394
11843.56178,36.4492727
11845.4715,35.29464567
11847.38123,34.08465486
11849.29095,34.31801706
11851.20068,35.33256772
11855.02013,33.08944121
11856.92986,28.5370685
11858.83958,25.24419055
11860.74931,24.6476937
11862.65903,24.56277349
11864.56876,22.9055
11866.47848,22.03404331
11868.38821,21.93541391
11870.29794,21.12196772
11874.11739,24.52219239
11877.93684,27.33999239
11881.75629,28.23589055
11885.57574,28.74055144
11889.39519,28.39470367
11893.21464,28.21137717
11897.03409,28.74451759
11900.85354,30.37446299
11904.673,30.93795906
11908.49245,31.71065984
11912.3119,32.75062152
11916.13135,32.26925906
11919.9508,31.299721
11923.77025,31.08061706
11927.5897,31.96818898
11929.49943,31.83710026
11931.40915,32.99233806
11939.04806,33.22241575
11946.68696,34.48269186
11954.32586,34.94776614
11961.96476,33.93380551
11969.60367,32.76565118
11977.24257,32.25363911
11984.88147,29.4330315
11988.70092,27.73704514
11992.52037,28.91385827
11996.33982,29.24026142
12000.15927,29.21845564
12003.97873,27.60290289
12005.88845,27.32600157
12007.79818,28.15080367
12009.7079,30.13107008
12011.61763,32.07902126
12015.43708,29.91280184
12019.25653,29.0275874
12023.07598,29.34556299
12024.98571,28.37223491
12026.89543,27.73816247
12028.80516,26.5828622
12030.71488,29.04042021
12034.53433,30.1942958
12038.35379,29.10667953
12042.17324,29.78798661
12045.99269,28.94513255
12047.90241,26.6555126
12049.81214,26.86745171
12053.63159,27.07213675
12057.45104,26.23563386
12061.27049,27.13199606
12065.08994,30.53893622
12066.99967,32.44307008
12068.90939,32.88318268
12070.81912,34.23878504
12072.72885,34.17071102
12074.63857,33.25788793
12076.5483,29.30309291
12078.45802,27.07977008
12080.36775,27.19397743
12084.1872,27.5199042
12088.00665,28.21954882
12091.8261,28.81292887
12095.64555,29.36558058
12099.465,29.88504409
12103.28445,29.65739895
12107.10391,29.05533675
12110.92336,28.23941024
12114.74281,27.85180446
12118.56226,28.22543071
12122.38171,28.9375
12126.20116,29.78450787
12130.02061,29.01208189
12133.84006,29.8406378
12137.65951,32.16094934
12141.47897,34.90676404
12145.29842,35.50158976
12149.11787,34.51985827
12152.93732,34.05180787
12154.84704,33.40215118
12156.75677,32.23469108
12158.6665,33.01079081
12160.57622,32.20323701
12164.39567,28.85355853
12168.21512,27.76039738
12172.03458,27.39558268
12179.67348,26.04998163
12187.31238,24.68916588
12194.95128,26.27141654
12202.59018,27.78380787
12210.22909,28.85664252
12217.86799,29.59754803
12221.68744,30.59523963
12225.50689,30.95462231
12229.32634,30.79943858
12231.23607,30.57764252
12233.14579,31.58256535
12236.96524,32.53145354
12240.7847,32.8976853
12244.60415,31.0241063
12248.4236,28.93820866
12252.24305,28.18672467
12256.0625,27.52357192
12259.88195,28.20727874
12263.7014,29.77166772
12267.52085,30.54444462
12271.3403,31.28747559
12278.97921,30.9089685
12286.61811,29.74916273
12294.25701,29.23149606
12301.89591,30.57912493
12309.53482,31.54727244
12317.17372,29.88808031
12324.81262,26.89758163
12332.45152,28.12621916
12340.09042,29.51704882
12347.72933,29.11427192
12355.36823,27.57115302
12363.00713,27.27331102
12370.64603,27.17679186
12378.28494,25.87341732
12385.92384,24.64290394
12393.56274,26.06067402
12401.20164,27.9005769
12408.84055,27.97720945
12416.47945,27.09806667
12424.11835,28.5625958
12431.75725,28.9611874
12439.39615,29.77160997
12447.03506,31.50920315
12450.85451,31.41202047
12454.67396,31.72201785
12458.49341,32.74352047
12462.31286,32.57509449
12466.13231,33.70669344
12469.95176,34.07034698
12473.77121,32.72627559
12477.59067,33.42298005
12481.41012,33.41506115
12485.22957,32.15727323
12492.86847,29.11562021
12500.50737,27.15233465
12508.14627,29.57475669
12515.78518,30.88591916
12523.42408,28.90042178
12531.06298,25.61737717
12538.70188,25.92336483
12542.52133,26.51423622
12546.34079,27.38535748
12550.16024,26.12250262
12553.97969,25.52002651
12557.79914,24.62997402
12561.61859,25.05868819
12565.43804,26.19244199
12569.25749,27.32133858
12576.89639,29.09276955
12584.5353,29.8994727
12592.1742,29.68099291
12599.8131,29.00475906
12607.452,27.35073281
12615.09091,26.82682835
12622.72981,27.80385879
12630.36871,28.78994698
12634.18816,28.21882047
12638.00761,27.71617717
12641.82706,27.32705171
12645.64652,27.10734567
12649.46597,25.59381969
12653.28542,23.22214068
12657.10487,23.46390236
12660.92432,25.0556084
12664.74377,25.71147533
12668.56322,26.04163701
12676.20212,27.31650026
12680.02158,28.59969974
12683.84103,26.91781024
12687.66048,27.46895197
12691.47993,28.5544979
12695.29938,27.98151417
12699.11883,26.91292283
12702.93828,26.87335748
12706.75773,27.42730472
12710.57718,28.16177533
12714.39664,26.3817979
12718.21609,24.57674961
12722.03554,25.71921811
12725.85499,27.23150052
12729.67444,26.99410236
12733.49389,28.89536614
12737.31334,29.72325328
12741.13279,28.40611417
12744.95224,26.87085092
12748.7717,28.32903517
12752.59115,30.56764016
12756.4106,34.71695276
12760.23005,36.58954698
12764.0495,38.30134488
12767.86895,38.55478425
12771.6884,38.92589291
12775.50785,38.8698315
12779.3273,37.74611391
12783.14676,34.16855381
12786.96621,32.73272362
12790.78566,31.50870892
12794.60511,31.24844383
12798.42456,31.56401024
12802.24401,33.43893517
12806.06346,32.25621181
12807.97319,32.27132992
12809.88291,33.61124593
12811.79264,31.85912992
12813.70236,29.67998425
12815.61209,28.8236378
12817.52182,27.70856693
12819.43154,25.86685039
12821.34127,26.89200315
12823.25099,29.91089711
12825.16072,32.7858874
12827.07044,32.4894748
12828.98017,29.38003281
12830.88989,28.87789291
12832.79962,28.81452073
12834.70935,29.41659764
12836.61907,30.19422126
12838.5288,32.68536142
12840.43852,34.46246194
12842.34825,33.84054567
12844.25797,33.71865591
12846.1677,34.51425879
12848.07742,31.90366457
12849.98715,29.91411076
12851.89688,29.53699528
12853.8066,30.5533937
12855.71633,31.01698635
12857.62605,31.52374961
12859.53578,29.24200236
12861.4455,28.33068373
12863.35523,28.66637874
12867.17468,28.74838189
12870.99413,28.62275092
12874.81358,29.0707874
12878.63303,28.53303465
12882.45249,29.28553963
12886.27194,29.2781399
12890.09139,29.55848425
12893.91084,30.12677375
12897.73029,30.37734462
12901.54974,30.12397874
12905.36919,28.86501391
12909.18864,28.22465066
12913.00809,29.67830945
12916.82755,30.42007927
12920.647,30.15813333
12924.46645,29.53944724
12928.2859,29.87687113
12932.10535,30.17468346
12935.9248,30.51317323
12939.74425,30.02231785
12943.5637,29.61058819
12947.38315,30.77618819
12951.20261,31.08004882
12955.02206,29.31829423
12958.84151,30.51646063
12962.66096,30.6505252
12966.48041,29.81057192
12970.29986,28.79137244
12974.11931,29.70649738
12977.93876,33.05597454
12981.75821,33.73882913
12985.57767,31.14174252
12989.39712,29.53822756
12993.21657,29.5291189
12997.03602,29.3774315
13000.85547,29.97666509
13004.67492,30.84252677
13008.49437,29.43569869
13012.31382,29.67564304
13016.13327,31.11330866
13019.95273,30.61241312
13023.77218,30.70597533
13027.59163,29.27289685
13031.41108,27.88105039
13035.23053,26.77108294
13039.04998,26.76503386
13042.86943,28.37943675
13046.68888,27.92490341
13050.50833,25.98635276
13054.32779,26.54180341
13058.14724,27.01104751
13065.78614,26.93202362
13073.42504,28.30708845
13077.24449,28.82213202
13081.06394,29.8079063
13084.88339,31.05386745
13088.70285,29.79012887
13092.5223,26.95072205
13096.34175,26.43570892
13098.25147,28.15813517
13100.1612,29.10226693
13102.07093,30.70749633
13103.98065,34.36889055
13105.89038,37.75703543
13107.8001,37.91181759
13109.70983,36.70650184
13111.61955,36.23112362
13113.52928,34.09341864
13115.439,33.38887375
13117.34873,31.40598268
13119.25846,29.61793228
13121.16818,30.06489344
13123.07791,32.48939528
13124.98763,34.16965774
13126.89736,33.58411391
13128.80708,32.28265748
13130.71681,31.59219501
13132.62653,31.01430079
13134.53626,30.42436614
13136.44599,30.46738871
13138.35571,30.61906535
13140.26544,29.59281811
13142.17516,29.40897664
13144.08489,30.07664777
13145.99461,30.7764378
13147.90434,31.00788819
13149.81406,31.84161654
13151.72379,32.51009921
13153.63352,35.09423307
13155.54324,34.87311181
13157.45297,31.98106772
13159.36269,28.86805459
13161.27242,27.38862415
13165.09187,26.47150394
13168.91132,25.44072651
13172.73077,25.54846693
13176.55022,26.55893937
13180.36967,25.89650735
13184.18912,24.37842441
13186.09885,23.40485906
13188.00858,24.77781155
13189.9183,26.41053543
13191.82803,28.24868346
13193.73775,28.15378346
13195.64748,27.91084068
13197.5572,30.62074409
13199.46693,32.27727139
13201.37665,31.20159291
13203.28638,29.92274567
13207.10583,29.21171391
13209.01556,28.55723517
13210.92528,27.17878898
13212.83501,26.98040656
13214.74473,26.3586399
13218.56418,25.67970866
13222.38364,26.69754724
13226.20309,24.56805486
13230.02254,23.87848425
13233.84199,23.3194958
13237.66144,23.57578478
13241.48089,24.0808126
13245.30034,26.96511155
13249.11979,32.38482467
13252.93924,34.73958268
13256.7587,34.1701664
13264.3976,33.94468793
13268.21705,35.97347008
13272.0365,37.92478793
13275.85595,36.09024094
13279.6754,33.23355118
13283.49485,30.67968241
13287.3143,30.46338005
13291.13376,29.21490866
13294.95321,26.8473357
13298.77266,24.29776352
13306.41156,23.3866378
13314.05046,26.92503438
13321.68936,30.24706588
13329.32827,32.20546693
13333.14772,33.90581732
13336.96717,37.25874908
13340.78662,37.0331
13344.60607,34.78308215
13348.42552,32.6248685
13352.24497,31.92260236
13354.1547,33.90902756
13356.06443,33.5711105
13359.88388,30.58453071
13363.70333,31.48622572
13367.52278,31.3288294
13371.34223,29.73382913
13375.16168,28.58074226
13378.98113,29.13776588
13382.80058,29.43631575
13384.71031,28.93264829
13386.62003,31.49806457
13388.52976,35.53669291
13390.43949,35.00295538
13392.34921,32.4285643
13394.25894,32.2946315
13398.07839,33.10559108
13399.98811,34.18843701
13401.89784,33.74697953
13403.80756,30.97411969
13405.71729,26.39255774
13409.53674,22.69938583
13413.35619,22.79830866
13417.17564,26.05789003
13420.99509,29.40156063
13424.81455,31.00039213
13428.634,29.20531102
13430.54372,27.81032992
13432.45345,31.57153727
13436.2729,35.8018
13440.09235,33.29990315
13442.00208,33.44689948
13443.9118,36.55190735
13447.73125,37.04780551
13455.37015,34.51435039
13463.00906,32.68380472
13466.82851,29.85940787
13470.64796,28.0096273
13474.46741,28.71486325
13478.28686,29.37481969
13482.10631,31.06416877
13485.92576,31.2779084
13489.74521,29.44838031
13493.56467,28.00431732
13497.38412,29.81765827
13501.20357,31.75556693
13505.02302,31.88447402
13508.84247,28.22809081
13512.66192,24.5048126
13516.48137,23.15792992
13520.30082,24.3150601
13524.12027,25.11123858
13527.93973,23.85482126
13531.75918,25.18976693
13535.57863,27.39106772
13539.39808,27.4780811
13543.21753,27.44272231
13547.03698,27.96270394
13550.85643,29.91547953
13554.67588,33.36204698
13558.49533,35.60718976
13562.31479,33.16715853
13566.13424,31.53329843
13569.95369,28.17096772
13573.77314,23.78074961
13577.59259,23.39680945
13581.41204,23.51756535
13585.23149,22.25224934
13589.05094,22.7264916
13592.8704,24.74003228
13596.68985,25.8623
13600.5093,27.33692047
13604.32875,27.07873307
13608.1482,26.99086299
13611.96765,27.63843491
13613.87738,29.22441339
13615.7871,27.8643769
13619.60655,26.58332073
13621.51628,28.52978346
13623.426,30.82248005
13625.33573,31.1164706
13627.24546,30.16149055
13631.06491,31.48956509
13634.88436,33.17416247
13638.70381,34.07534646
13642.52326,33.79403281
13646.34271,32.03645591
13650.16216,31.60355512
13653.98161,29.31640105
13657.80106,28.8776084
13659.71079,29.13434882
13661.62052,29.39705617
13665.43997,28.60378163
13669.25942,27.02992992
13673.07887,26.67765092
13676.89832,26.14445617
13678.80805,26.50208031
13680.71777,25.39469764
13682.6275,24.00177585
13684.53722,24.11227874
13686.44695,26.02578556
13688.35667,26.17215302
13690.2664,26.71623071
13692.17612,27.35064567
13694.08585,27.88152756
13695.99558,25.43078976
13697.9053,24.0823399
13699.81503,24.01778871
13703.63448,24.00037402
13707.45393,23.62295512
13711.27338,23.71797165
13715.09283,23.83053307
13718.91228,23.04881391
13722.73173,24.2439748
13726.55118,24.6672378
13730.37064,23.23068766
13734.19009,21.68796772
13738.00954,21.31529528
13741.82899,21.29037192
13745.64844,22.47121785
13749.46789,21.59046063
13753.28734,19.8576748
13757.10679,19.79056824
13760.92624,20.96112992
13764.7457,21.9373
13768.56515,23.36548714
13772.3846,23.85874016
13776.20405,26.78672178
13780.0235,29.5178958
13783.84295,31.91731024
13787.6624,32.08449449
13789.57213,31.16144331
13791.48185,30.76884646
13793.39158,30.53274409
13795.30131,29.58151365
13797.21103,29.20024331
13799.12076,29.24661391
13801.03048,29.63955276
13802.94021,28.3676189
13804.84993,27.3422168
13806.75966,27.00357743
13808.66938,27.36766142
13810.57911,27.48358215
13812.48884,26.44258136
13814.39856,24.9971252
13816.30829,23.70626562
13818.21801,22.25916982
13820.12774,21.38871417
13822.03746,23.39942756
13825.85691,24.41038241
13829.67637,25.48623543
13831.58609,25.05836824
13833.49582,23.6105832
13835.40554,22.925
13837.31527,23.19245328
13839.22499,23.41638819
13841.13472,22.51990945
13843.04444,22.80574751
13844.95417,24.77350367
13848.77362,25.31081811
13852.59307,24.57762231
13854.5028,23.62414173
13856.41252,23.64818898
13860.23197,21.47865066
13864.05143,21.65037533
13867.87088,22.0049685
13871.69033,22.18230367
13875.50978,22.22960289
13879.32923,21.40820236
13883.14868,22.04123386
13886.96813,23.69149423
13890.78758,24.21239606
13894.60703,23.30813727
13898.42649,21.5740769
13902.24594,20.91496063
13906.06539,22.76911785
13909.88484,23.368279
13913.70429,22.6497189
13917.52374,22.33585748
13921.34319,21.33512257
13925.16264,20.8780622
13928.98209,22.15196378
13932.80155,23.49731864
13936.621,23.69880079
13940.44045,23.26461706
13944.2599,23.85964278
13948.07935,24.5330378
13951.8988,23.59894751
13955.71825,21.80741207
13959.5377,21.00856457
13963.35715,21.38744226
13967.17661,22.37397244
13970.99606,23.0384685
13974.81551,23.09201286
13978.63496,24.1793189
13982.45441,25.6568685
13986.27386,23.5773273
13990.09331,22.17964383
13993.91276,22.50345669
13995.82249,22.36536982
13997.73221,24.00168215
13999.64194,25.28076772
14001.55167,26.03419528
14003.46139,25.37218478
14005.37112,26.28553858
14007.28084,25.70499265
14009.19057,25.65579213
14011.10029,27.57587087
14013.01002,27.97413333
14014.91974,26.76390919
14016.82947,26.98248583
14018.7392,27.37300026
14020.64892,27.5233685
14022.55865,26.3360063
14024.46837,25.94754016
14028.28782,25.90781785
14032.10728,25.71826378
14035.92673,25.10550472
14039.74618,24.85490761
14043.56563,24.1268189
14047.38508,22.83639475
14051.20453,22.17538136
14055.02398,23.21631417
14058.84343,22.980121
14062.66288,22.0704979
14066.48234,22.51932598
14070.30179,22.52113701
14074.12124,22.63041129
14077.94069,23.3589063
14081.76014,25.1352979
14083.66987,25.27608924
14085.57959,23.67182047
14087.48932,24.07713491
14089.39904,23.68068504
14091.30877,20.28133228
14093.21849,20.33102992
14095.12822,21.29536089
14097.03794,21.82346693
14098.94767,22.88344042
14100.8574,22.27952152
14102.76712,22.03500394
14104.67685,23.1676168
14106.58657,23.56477585
14108.4963,24.12959213
14110.40602,25.35861496
14112.31575,25.14700079
14114.22547,24.55790315
14116.1352,24.81243701
14118.04493,25.90484514
14119.95465,24.7851811
14121.86438,23.88793911
14123.7741,24.12003333
14125.68383,23.70418504
14127.59355,21.88282283
14129.50328,23.95037139
14131.413,24.79474409
14135.23246,23.83167743
14139.05191,23.13094961
14142.87136,22.63824567
14146.69081,21.80787927
14150.51026,23.58971575
14154.32971,26.28372992
14158.14916,27.37711916
14161.96861,26.26973963
14165.78806,24.50731181
14169.60752,23.8554021
14173.42697,23.80860919
14177.24642,25.03178189
14181.06587,24.79773333
14184.88532,24.51703307
14188.70477,23.65599134
14192.52422,23.55383701
14196.34367,23.69075564
14200.16312,23.44858425
14203.98258,22.90087087
14207.80203,22.26826194
14211.62148,22.70308268
14215.44093,23.18923937
14219.26038,22.70368661
14223.07983,24.13198425
14226.89928,23.67772047
14230.71873,23.46395774
14234.53818,25.20191417
14238.35764,25.10050341
14240.39475,24.98423885
14243.21443,25.15959843
14246.0341,23.49900971
14248.85377,23.9191042
14251.67344,24.66820157
14254.49311,22.81374934
14257.31279,23.17197297
14260.13246,24.09196378
14262.95213,24.85818163
14265.7718,26.84504462
14268.59148,27.72840394
14271.41115,26.0399336
14274.23082,23.76318714
14277.05049,23.20390315
14279.87016,23.54496745
14282.68984,22.80100945
14285.50951,21.46141496
14288.32918,20.21948478
14291.14885,20.74788189
14293.96852,22.01847953
14296.7882,23.66732835
14299.60787,23.82290971
14302.42754,24.23612756
14305.24721,23.74591601
14308.06689,23.86531234
14310.88656,22.96972205
14313.70623,22.23343333
14316.5259,23.76638425
14319.34557,23.66546299
14322.16525,22.57323885
14324.98492,23.30322336
14327.80459,24.01525276
14330.62426,23.10223228
14333.44393,20.95170656
14336.26361,22.04389134
14339.08328,22.15139213
14341.90295,19.89360604
14344.72262,19.37090945
14347.5423,19.85445486
14350.36197,20.29640289
14353.18164,19.42672441
14356.00131,19.79068504
14358.82098,20.69283465
14361.64066,21.9607937
14364.46033,20.82396745
14367.28,20.50210262
14370.09967,20.69287402
14372.91934,18.91519003
14375.73902,18.26246877
14378.55869,18.64688346
14381.37836,19.64582861
14384.19803,20.04614541
14387.0177,20.40172756
14389.83738,19.60578766
14392.65705,18.9123357
14395.47672,19.02848898
14398.29639,19.50405696
14401.11607,20.24741864
14403.93574,21.60317717
14406.75541,20.56064278
14409.57508,21.06266247
14412.39475,22.03453858
14415.21443,22.35049501
14418.0341,23.73791024
14420.85377,23.5410126
14423.67344,22.19064016
14426.49311,23.74878268
14429.31279,24.66131496
14432.13246,23.00038845
14434.95213,21.83494751
14437.7718,22.02840157
14440.59148,20.89275591
14443.41115,19.28777402
14446.23082,20.13214252
14449.05049,22.75274147
14451.87016,25.02114094
14454.68984,23.81091417
14457.50951,22.15994987
14460.32918,20.39399291
14463.14885,18.09137874
14465.96852,18.71080184
14468.7882,20.40370997
14471.60787,19.7670874
14474.42754,19.17728031
14477.24721,19.97331496
14480.06689,19.62347008
14485.70623,19.84946063
14491.34557,19.81072047
14496.98492,19.21749764
14502.62426,19.46137795
14508.26361,19.90338478
14513.90295,20.81650157
14519.5423,20.76545459
14525.18164,20.576221
14530.82098,20.3576
14536.46033,19.43553307
14542.09967,17.5850937
14547.73902,17.17706772
14553.37836,18.60111864
14559.0177,19.18111969
14564.65705,18.28479764
14570.29639,17.24880577
14575.93574,16.69604724
14581.57508,17.82081496
14587.21443,18.83804908
14592.85377,20.03335879
14598.49311,20.1775937
14604.13246,20.13838294
14609.7718,20.26324383
14615.41115,19.81369685
14621.05049,20.27153937
14626.68984,19.49955932
14632.32918,18.39164409
14637.96852,17.97843255
14643.60787,17.58594541
14649.24721,18.44907165
14654.88656,19.93719659
14660.5259,19.64029869
14666.16525,18.58014961
14671.80459,18.1058147
14674.62426,18.39078399
14677.44393,19.35189685
14680.26361,19.31143806
14683.08328,19.34871339
14685.90295,20.28792992
14688.72262,21.1453
14691.5423,21.23460341
14694.36197,19.20393858
14697.18164,18.30064304
14700.00131,19.42880052
14702.82098,20.32858504
14705.64066,19.40229843
14708.46033,19.32355669
14711.28,22.10758425
14714.09967,24.05691339
14716.91934,23.8525042
14719.73902,22.67620945
14722.55869,25.35683517
14725.37836,26.17627428
14728.19803,24.05479843
14731.0177,24.29878793
14733.83738,24.94192966
14736.65705,23.42365039
14739.47672,21.10911417
14745.11607,19.63174278
14750.75541,20.14928031
14756.39475,19.74563281
14762.0341,19.67444882
14767.67344,19.25728346
14773.31279,18.44018031
14778.95213,18.38115459
14784.59148,17.43212362
14790.23082,16.23311155
14795.87016,16.17026745
14801.50951,16.93846535
14807.14885,16.67262756
14812.7882,16.23973097
14818.42754,14.62887795
14824.06689,14.65349948
14829.70623,16.03438766
14835.34557,16.08565748
14840.98492,16.07755171
14846.62426,16.28077454
14852.26361,17.13150157
14857.90295,16.88289344
14863.5423,16.52886982
14869.18164,16.92339055
14874.82098,17.46207034
14880.46033,18.45992703
14886.09967,18.81526929
14891.73902,18.68523491
14897.37836,18.73354226
14903.0177,19.72998898
14908.65705,19.38414409
14914.29639,19.39746693
14919.93574,20.38565354
14925.57508,19.82756824
14931.21443,17.57945801
14936.85377,16.87868425
14942.49311,16.29771575
14948.13246,17.82230367
14953.7718,20.17967244
14959.41115,20.02551496
14965.05049,20.20187717
14970.68984,21.34937087
14973.50951,20.40349449
14976.32918,20.83760997
14979.14885,21.36652126
14981.96852,22.08990315
14984.7882,21.59940131
14987.60787,21.12692756
14990.42754,22.1027832
14993.24721,23.02581417
14996.06689,22.36987717
14998.88656,20.40485879
15001.70623,20.96418268
15004.5259,20.68759606
15007.34557,19.58715354
15010.16525,19.54964278
15012.98492,19.25723543
15015.80459,19.94466457
15018.62426,20.36095853
15021.44393,20.27129055
15024.26361,20.03979633
15027.08328,20.50826352
15029.90295,20.9512622
15032.72262,20.74680814
15035.5423,19.61284672
15038.36197,20.07807953
15041.18164,20.68336824
15044.00131,19.94706719
15046.82098,18.85610945
15049.64066,19.14821601
15052.46033,19.86339134
15055.28,19.46980709
15058.09967,18.61461181
15060.91934,19.87868845
15063.73902,20.34184882
15066.55869,19.2947685
15069.37836,19.75190971
15072.19803,19.17743465
15075.0177,17.97513333
15077.83738,17.95830394
15080.65705,20.21913465
15083.47672,20.18040761
15086.29639,19.097979
15089.11607,17.59876693
15091.93574,16.18045774
15094.75541,15.6675706
15097.57508,16.31168661
15100.39475,15.9125895
15103.21443,16.29618976
15106.0341,16.74017244
15108.85377,17.11108635
15111.67344,17.48234829
15114.49311,18.60364094
15117.31279,18.85896115
15120.13246,18.60222992
15122.95213,18.48009764
15125.7718,20.05416693
15128.59148,20.14577454
15131.41115,19.6069252
15134.23082,21.28682283
15137.05049,21.45965748
15139.87016,19.99441654
15142.68984,19.17101811
15145.50951,20.24193648
15151.14885,20.14986299
15156.7882,19.32994593
15162.42754,18.66370997
15168.06689,19.88903701
15173.70623,20.96351102
15179.34557,20.48779318
15184.98492,18.93447559
15190.62426,18.26479948
15196.26361,18.60311575
15201.90295,20.63685118
15207.5423,21.45167402
15213.18164,21.64370709
15218.82098,23.41850394
15224.46033,23.35901339
15230.09967,21.97734173
15232.91934,20.69392441
15235.73902,20.74813937
15241.37836,21.50759948
15247.0177,21.64669449
15252.65705,26.05051339
15258.29639,33.9622294
15263.93574,40.39770236
15269.57508,43.55603911
15275.21443,43.21349318
15280.85377,39.33284646
15286.49311,41.32772756
15292.13246,42.80072808
15297.7718,39.70065433
15303.41115,36.52918215
15309.05049,34.24499265
15314.68984,34.05017008
15320.32918,33.88050184
15323.14885,32.93870446
15325.96852,30.80698976
15328.7882,29.77024304
15331.60787,29.28442887
15334.42754,26.24771417
15337.24721,24.42472808
15342.88656,22.78739213
15348.5259,20.95886142
15354.16525,20.99352966
15359.80459,20.99594121
15365.44393,21.11451339
15371.08328,21.28455958
15376.72262,19.45620997
15382.36197,18.97248976
15388.00131,20.53250787
15393.64066,20.71866483
15399.28,18.67110394
15404.91934,18.21664698
15410.55869,19.30427428
15416.19803,21.18477402
15421.83738,22.61087795
15427.47672,23.88122441
15433.11607,22.84163701
15438.75541,21.66233202
15444.39475,23.02729764
15450.0341,24.4195811
15455.67344,24.76170184
15461.31279,23.0659601
15466.95213,20.86309449
15472.59148,21.12302625
15478.23082,21.69099291
15483.87016,21.1252937
15489.50951,20.56587638
15495.14885,19.19847769
15500.7882,17.73642205
15506.42754,16.50186982
15512.06689,16.17675039
15517.70623,17.00690236
15523.34557,16.7874315
15528.98492,15.81030525
15534.62426,16.78434173
15540.26361,16.39879948
15545.90295,15.40646168
15551.5423,16.93670709
15557.18164,19.84161522
15562.82098,20.52995302
15568.46033,19.14502756
15574.09967,19.68677874
15579.73902,19.2751895
15582.55869,18.6771315
15585.37836,18.65219816
15588.19803,18.3640895
15591.0177,17.73999685
15596.65705,17.32414593
15602.29639,17.87719816
15607.93574,17.03398346
15613.57508,16.78363438
15619.21443,17.1040357
15624.85377,17.56879055
15630.49311,17.16944252
15636.13246,16.12367008
15641.7718,15.75669213
15647.41115,16.77261024
15653.05049,17.93140945
15658.68984,17.80252283
15664.32918,17.68706378
15669.96852,18.03743701
15675.60787,17.7969252
15681.24721,17.81786142
15686.88656,18.2901
15692.5259,19.23573465
15698.16525,20.39472283
15703.80459,20.37040577
15709.44393,20.98053858
15715.08328,20.35360866
15720.72262,19.78035433
15726.36197,20.29774016
15732.00131,21.2139399
15737.64066,22.45310367
15740.46033,22.73287795
15743.28,22.27956037
15746.09967,22.78070892
15748.91934,22.43820236
15751.73902,21.85435013
15754.55869,21.5111874
15757.37836,22.52933543
15760.19803,22.81176457
15765.83738,21.59452257
15771.47672,18.88863858
15777.11607,17.66045774
15782.75541,18.70886719
15788.39475,19.41131732
15794.0341,18.97484278
15799.67344,16.95490262
15805.31279,15.34228819
15810.95213,14.2441622
15816.59148,14.12032598
15822.23082,14.81311654
15827.87016,15.45771732
15833.50951,15.11189895
15839.14885,15.53920551
15844.7882,16.78202047
15850.42754,18.31838268
15856.06689,18.85371417
15861.70623,18.72171312
15867.34557,19.7210832
15872.98492,19.0627622
15878.62426,17.85396745
15884.26361,18.34627717
15889.90295,19.77129291
15895.5423,20.21810079
15901.18164,19.12062992
15906.82098,16.48142913
15912.46033,16.37649003
15918.09967,16.03098241
15923.73902,15.07697244
15929.37836,16.43625512
15935.0177,17.22669816
15940.65705,16.87794882
15946.29639,18.22736877
15951.93574,21.69342572
