DEPTH_WMSF,HSGR
0.1524,0.4013
0.3048,1.147
0.4572,1.2588
0.6096,1.7356
0.762,2.5245
0.9144,3.5656
1.0668,4.0411
1.2192,3.6141
1.3716,3.4205
1.524,3.6088
1.6764,4.3246
1.8288,4.6629
1.9812,4.8238
2.1336,5.4753
2.286,5.5233
2.4384,5.3211
2.5908,4.3847
2.7432,4.4522
2.8956,4.6749
3.048,4.536
3.2004,3.2926
3.3528,3.0274
3.5052,2.5918
3.6576,3.2619
3.81,3.0303
3.9624,4.0111
4.1148,4.7127
4.2672,4.8902
4.4196,4.7409
4.572,4.5766
4.7244,4.9028
4.8768,5.9591
5.0292,6.7206
5.1816,7.5406
5.334,6.714
5.4864,6.7831
5.6388,6.7488
5.7912,6.6207
5.9436,6.0962
6.096,5.0918
6.2484,4.6166
6.4008,4.4078
6.5532,4.6944
6.7056,4.9483
6.858,5.1576
7.0104,5.0632
7.1628,5.1841
7.3152,5.1342
7.4676,5.2026
7.62,5.515
7.7724,6.4996
7.9248,8.4854
8.0772,8.5544
8.2296,7.8681
8.382,5.834
8.5344,5.2189
8.6868,5.0964
8.8392,5.2341
8.9916,5.7882
9.144,5.3452
9.2964,5.513
9.4488,5.2026
9.6012,5.5342
9.7536,5.0643
9.906,5.2749
10.0584,4.6337
10.2108,4.0804
10.3632,3.9226
10.5156,4.1808
10.668,4.6198
10.8204,3.7293
10.9728,3.6271
11.1252,4.2296
11.2776,5.0534
11.43,4.8373
11.5824,4.9293
11.7348,5.0356
11.8872,5.1849
12.0396,4.5986
12.192,4.0197
12.3444,4.0384
12.4968,3.6222
12.6492,3.3857
12.8016,3.4189
12.954,2.5872
13.1064,2.4631
13.2588,2.1276
13.4112,3.166
13.5636,3.2826
13.716,2.7448
13.8684,2.4384
14.0208,2.7855
14.1732,3.2918
14.3256,2.9328
14.478,2.5712
14.6304,2.4197
14.7828,2.7347
14.9352,2.4667
15.0876,2.9842
15.24,3.3349
15.3924,3.5007
15.5448,3.7018
15.6972,3.7682
15.8496,3.6146
16.002,3.207
16.1544,3.3875
16.3068,3.7541
16.4592,3.2766
16.6116,2.9736
16.764,3.3023
16.9164,3.1664
17.0688,2.9222
17.2212,2.6547
17.3736,2.5354
17.526,2.0614
17.6784,1.4418
17.8308,1.758
17.9832,2.9169
18.1356,3.6469
18.288,3.4433
18.4404,2.693
18.5928,2.1541
18.7452,2.5038
18.8976,2.6263
19.05,3.7266
19.2024,3.5965
19.3548,3.646
19.5072,2.764
19.6596,2.5991
19.812,2.4453
19.9644,2.9484
20.1168,3.6185
20.2692,4.6061
20.4216,4.7493
20.574,4.615
20.7264,3.8801
20.8788,3.8012
21.0312,3.6261
21.1836,4.5239
21.336,5.0066
21.4884,5.9471
21.6408,5.7719
21.7932,6.1209
21.9456,5.9249
22.098,6.0399
22.2504,5.3598
22.4028,6.4224
22.5552,6.4796
22.7076,6.9791
22.86,5.7538
23.0124,5.8947
23.1648,5.6816
23.3172,5.4177
23.4696,5.4159
23.622,4.8231
23.7744,5.3863
23.9268,5.2419
24.0792,5.616
24.2316,5.9534
24.384,5.7605
24.5364,5.3718
24.6888,4.5046
24.8412,5.2504
24.9936,6.6852
25.146,7.8009
25.2984,8.0459
25.4508,7.7724
25.6032,7.7845
25.7556,7.4558
25.908,7.6737
26.0604,7.8674
26.2128,8.2837
26.3652,6.9601
26.5176,6.2932
26.67,5.7202
26.8224,6.5849
26.9748,7.0483
27.1272,6.8797
27.2796,6.9038
27.432,5.6845
27.5844,4.2218
27.7368,3.2205
27.8892,2.6619
28.0416,3.4696
28.194,3.5092
28.3464,3.9856
28.4988,3.4012
28.6512,3.7366
28.8036,3.519
28.956,4.4348
29.1084,3.9271
29.2608,4.5487
29.4132,4.0509
29.5656,4.0896
29.718,3.8455
29.8704,4.3595
30.0228,4.8844
30.1752,3.8824
30.3276,3.4001
30.48,3.1478
30.6324,4.4601
30.7848,4.5248
30.9372,4.251
31.0896,4.4352
31.242,5.2947
31.3944,5.347
31.5468,4.635
31.6992,3.8698
31.8516,3.8637
32.004,4.205
32.1564,3.3761
32.3088,3.1304
32.4612,2.2155
32.6136,2.7895
32.766,3.1978
32.9184,3.2952
33.0708,3.1994
33.2232,3.0428
33.3756,3.5525
33.528,4.0684
33.6804,4.1741
33.8328,4.2909
33.9852,3.7753
34.1376,3.354
34.29,2.9966
34.4424,2.5808
34.5948,3.2788
34.7472,2.9975
34.8996,3.2636
35.052,2.7385
35.2044,2.8564
35.3568,2.6423
35.5092,2.9382
35.6616,3.7787
35.814,3.9835
35.9664,3.3158
36.1188,3.4212
36.2712,4.053
36.4236,5.1311
36.576,4.556
36.7284,4.2871
36.8808,4.21
37.0332,3.6912
37.1856,3.7014
37.338,3.8524
37.4904,4.4776
37.6428,4.6475
37.7952,4.1678
37.9476,4.1688
38.1,3.941
38.2524,3.9064
38.4048,3.7926
38.5572,3.3171
38.7096,3.3002
38.862,3.0455
39.0144,2.8888
39.1668,2.3059
39.3192,2.8058
39.4716,3.0371
39.624,3.748
39.7764,3.4574
39.9288,4.4324
40.0812,3.5922
40.2336,3.6347
40.386,2.532
40.5384,3.4927
40.6908,3.5438
40.8432,4.2359
40.9956,3.7767
41.148,3.2037
41.3004,2.6259
41.4528,3.1656
41.6052,4.0883
41.7576,4.9192
41.91,4.484
42.0624,4.6033
42.2148,3.9823
42.3672,4.2343
42.5196,3.7289
42.672,3.7727
42.8244,4.1477
42.9768,4.7697
43.1292,6.2942
43.2816,8.8264
43.434,10.7673
43.5864,12.264
43.7388,12.1288
43.8912,12.3672
44.0436,11.9094
44.196,11.4872
44.3484,11.5658
44.5008,11.2047
44.6532,13.1089
44.8056,13.698
44.958,15.182
45.1104,13.2181
45.2628,13.2398
45.4152,14.1731
45.5676,16.1412
45.72,13.7987
45.8724,10.0821
46.0248,6.306
46.1772,7.2368
46.3296,6.8411
46.482,7.521
46.6344,7.1261
46.7868,7.7693
46.9392,6.4795
47.0916,5.2177
47.244,4.9089
47.3964,4.8241
47.5488,4.1288
47.7012,4.0236
47.8536,3.998
48.006,5.1708
48.1584,5.2717
48.3108,5.5227
48.4632,5.2939
48.6156,4.4661
48.768,5.3556
48.9204,4.203
49.0728,5.0396
49.2252,4.5346
49.3776,5.6877
49.53,4.525
49.6824,4.1934
49.8348,3.6743
49.9872,5.303
50.1396,5.7724
50.292,6.4533
50.4444,6.4463
50.5968,6.5002
50.7492,6.2382
50.9016,5.826
51.054,5.5106
51.2064,5.979
51.3588,6.0842
51.5112,7.0282
51.6636,6.1872
51.816,6.0338
51.9684,4.8321
52.1208,4.9484
52.2732,4.3658
52.4256,4.3114
52.578,4.0392
52.7304,4.0923
52.8828,4.3494
53.0352,5.0852
53.1876,4.562
53.34,4.3058
53.4924,4.3036
53.6448,4.2513
53.7972,4.6687
53.9496,3.7874
54.102,4.362
54.2544,3.1576
54.4068,3.5179
54.5592,4.3553
54.7116,5.8733
54.864,5.7159
55.0164,4.9788
55.1688,4.557
55.3212,4.4523
55.4736,4.0862
55.626,4.3539
55.7784,4.1426
55.9308,4.6164
56.0832,3.9352
56.2356,4.4069
56.388,3.5181
56.5404,4.8265
56.6928,4.6706
56.8452,5.299
56.9976,3.7319
57.15,3.419
57.3024,3.3227
57.4548,3.8425
57.6072,4.3126
57.7596,5.2454
57.912,5.8338
58.0644,5.8283
58.2168,4.9479
58.3692,4.6681
58.5216,4.2998
58.674,4.4056
58.8264,4.4629
58.9788,5.049
59.1312,5.3618
59.2836,5.6709
59.436,4.9861
59.5884,5.0837
59.7408,4.3549
59.8932,4.8261
60.0456,4.2503
60.198,4.1982
60.3504,5.0908
60.5028,5.039
60.6552,5.1971
60.8076,4.0933
60.96,4.1003
61.1124,3.9415
61.2648,4.1078
61.4172,4.0981
61.5696,3.9965
61.722,3.579
61.8744,4.4182
62.0268,4.4167
62.1792,4.6185
62.3316,4.5683
62.484,4.7187
62.6364,5.5007
62.7888,4.985
62.9412,5.4066
63.0936,5.3646
63.246,5.298
63.3984,5.7136
63.5508,5.5523
63.7032,7.0707
63.8556,6.5019
64.008,6.6025
64.1604,6.0869
64.3128,6.5047
64.4652,6.5535
64.6176,5.7641
64.77,5.5018
64.9224,5.1454
65.0748,4.8836
65.2272,5.6212
65.3796,5.4061
65.532,5.719
65.6844,5.0325
65.8368,6.8155
65.9892,6.9777
66.1416,6.5631
66.294,4.8828
66.4464,5.0897
66.5988,5.4052
66.7512,5.3567
66.9036,4.521
67.056,4.0953
67.2084,4.0036
67.3608,4.4209
67.5132,4.4351
67.6656,4.9426
67.818,4.8882
67.9704,5.6151
68.1228,5.4607
68.2752,6.4527
68.4276,7.1814
68.58,7.2338
68.7324,6.3468
68.8848,5.4022
69.0372,5.195
69.1896,4.7256
69.342,4.3092
69.4944,4.6261
69.6468,4.7822
69.7992,4.7268
69.9516,4.3532
70.104,4.3517
70.2564,4.4644
70.4088,4.9281
70.5612,4.9304
70.7136,4.5589
70.866,3.7839
71.0184,3.6813
71.1708,4.3624
71.3232,4.045
71.4756,4.7237
71.628,4.5161
71.7804,5.0424
71.9328,4.2039
72.0852,3.9938
72.2376,4.2538
72.39,4.5106
72.5424,4.403
72.6948,4.3398
72.8472,4.8679
72.9996,5.1813
73.152,5.3998
73.3044,5.395
73.4568,5.2899
73.6092,5.1838
73.7616,5.7105
73.914,6.1842
74.0664,6.0766
74.2188,6.1277
74.3712,5.2387
74.5236,5.2401
74.676,4.2537
74.8284,4.2516
74.9808,4.4714
75.1332,4.6274
75.2856,5.3086
75.438,4.9878
75.5904,4.1989
75.7428,3.6795
75.8952,3.9358
76.0476,4.5694
76.2,4.6132
76.3524,4.4641
76.5048,3.9883
76.6572,4.197
76.8096,4.2466
76.962,5.2339
77.1144,4.9762
77.2668,4.2974
77.4192,3.7343
77.5716,3.8906
77.724,3.7327
77.8764,3.8839
78.0288,3.7865
78.1812,3.9935
78.3336,3.8865
78.486,4.0958
78.6384,3.9924
78.7908,3.6729
78.9432,4.2445
79.0956,4.8731
79.248,4.3048
79.4004,3.2027
79.5528,2.8374
79.7052,3.6752
79.8576,4.2498
80.01,4.0426
80.1624,3.8939
80.3148,3.3675
80.4672,3.2612
80.6196,3.461
80.772,4.8237
80.9244,5.7121
81.0768,5.6135
81.2292,4.2076
81.3816,4.3634
81.534,3.9936
81.6864,4.5123
81.8388,3.9927
81.9912,4.4656
82.1436,4.2113
82.296,3.8386
82.4484,3.5221
82.6008,3.6218
82.7532,3.8868
82.9056,4.9821
83.058,5.2396
83.2104,6.6546
83.3628,6.1877
83.5152,6.1471
83.6676,4.7834
83.82,5.0425
83.9724,6.2919
84.1248,10.526
84.2772,15.4366
84.4296,20.1445
84.582,22.9674
84.7344,23.0897
84.8868,23.4009
85.0392,22.8293
85.1916,24.3308
85.344,27.2191
85.4964,27.2219
85.6488,26.454
85.8012,24.9307
85.9536,26.6586
86.106,28.5911
86.2584,28.6792
86.4108,28.2155
86.5632,27.5834
86.7156,26.743
86.868,27.5211
87.0204,26.3737
87.1728,25.6163
87.3252,24.021
87.4776,24.3922
87.63,25.0065
87.7824,24.4683
87.9348,24.2057
88.0872,23.8537
88.2396,23.7443
88.392,24.2112
88.5444,23.1491
88.6968,24.6165
88.8492,23.3481
89.0016,24.9808
89.154,23.5577
89.3064,24.7232
89.4588,23.4565
89.6112,23.0324
89.7636,20.8817
89.916,20.939
90.0684,21.3201
90.2208,22.5772
90.3732,23.9489
90.5256,23.043
90.678,24.7084
90.8304,22.9787
90.9828,23.5058
91.1352,22.7191
91.2876,23.1909
91.44,22.6125
91.5924,21.6241
91.7448,21.2368
91.8972,21.7591
92.0496,21.4491
92.202,21.6076
92.3544,21.8194
92.5068,21.6526
92.6592,22.3419
92.8116,23.493
92.964,24.9159
93.1164,25.2394
93.2688,24.5788
93.4212,23.8011
93.5736,22.0704
93.726,21.9092
93.8784,20.4253
94.0308,21.5179
94.1832,19.9949
94.3356,20.2513
94.488,19.476
94.6404,21.0826
94.7928,23.0435
94.9452,23.3049
95.0976,23.2657
95.25,22.3131
95.4024,22.7791
95.5548,23.1436
95.7072,25.1311
95.8596,25.9769
96.012,24.9262
96.1644,23.8574
96.3168,22.9666
96.4692,23.4895
96.6216,23.8315
96.774,24.3471
96.9264,23.9924
97.0788,22.6249
97.2312,22.0529
97.3836,23.5061
97.536,23.5137
97.6884,24.1273
97.8408,23.8136
97.9932,23.8477
98.1456,23.1296
98.298,21.7216
98.4504,22.5799
98.6028,23.4781
98.7552,24.4211
98.9076,22.9434
99.06,22.3842
99.2124,21.338
99.3648,22.3796
99.5172,21.8266
99.6696,22.9808
99.822,22.6293
99.9744,22.5053
100.1268,20.5639
100.2792,20.1938
100.4316,20.3751
100.584,23.3075
100.7364,23.3052
100.8888,23.1556
101.0412,19.6423
101.1936,20.9429
101.346,21.0309
101.4984,23.0382
101.6508,21.9959
101.8032,21.8918
101.9556,21.8539
102.108,22.0101
102.2604,22.2722
102.4128,22.0322
102.5652,21.9823
102.7176,21.5251
102.87,21.5316
103.0224,21.9995
103.1748,23.3492
103.3272,22.829
103.4796,23.6841
103.632,23.9375
103.7844,25.6127
103.9368,25.6483
104.0892,25.1886
104.2416,24.9659
104.394,25.2348
104.5464,25.2603
104.6988,25.5182
104.8512,23.3098
105.0036,22.818
105.156,21.5219
105.3084,21.4171
105.4608,22.0325
105.6132,22.9089
105.7656,25.7912
105.918,25.2352
106.0704,26.0333
106.2228,23.7288
106.3752,23.4523
106.5276,22.3659
106.68,21.8599
106.8324,23.2197
106.9848,21.6395
107.1372,22.2579
107.2896,21.1951
107.442,23.4481
107.5944,23.232
107.7468,22.3607
107.8992,22.5244
108.0516,23.5156
108.204,24.9156
108.3564,24.4251
108.5088,24.282
108.6612,24.3973
108.8136,23.9358
108.966,24.8597
109.1184,24.2899
109.2708,24.3357
109.4232,22.6716
109.5756,23.1455
109.728,23.1494
109.8804,24.4699
110.0328,23.838
110.1852,24.2199
110.3376,23.6282
110.49,24.72
110.6424,23.8137
110.7948,24.5068
110.9472,24.512
111.0996,24.5607
111.252,23.6692
111.4044,24.0515
111.5568,26.4028
111.7092,27.5062
111.8616,26.3426
112.014,24.4059
112.1664,24.5405
112.3188,25.4648
112.4712,27.0967
112.6236,26.4899
112.776,25.768
112.9284,25.3561
113.0808,24.6514
113.2332,26.164
113.3856,25.8446
113.538,26.02
113.6904,24.768
113.8428,24.6558
113.9952,24.7512
114.1476,25.0833
114.3,25.1968
114.4524,23.9546
114.6048,23.1545
114.7572,22.8846
114.9096,23.9711
115.062,25.5525
115.2144,26.0875
115.3668,25.9404
115.5192,26.6089
115.6716,25.8123
115.824,25.6279
115.9764,23.6815
116.1288,23.5258
116.2812,24.3561
116.4336,25.1474
116.586,25.51
116.7384,25.8551
116.8908,25.4337
117.0432,25.974
117.1956,25.1914
117.348,25.616
117.5004,26.1755
117.6528,27.7486
117.8052,26.8634
117.9576,27.0838
118.11,26.1921
118.2624,26.7026
118.4148,26.7823
118.5672,28.3443
118.7196,28.1932
118.872,27.6888
119.0244,24.8068
119.1768,25.3944
119.3292,23.6266
119.4816,24.2711
119.634,25.1915
119.7864,26.3819
119.9388,26.6962
120.0912,27.2349
120.2436,27.1338
120.396,25.9725
120.5484,22.9255
120.7008,22.9755
120.8532,24.2177
121.0056,25.1685
121.158,25.9505
121.3104,25.233
121.4628,24.132
121.6152,21.6842
121.7676,20.3252
121.92,19.8091
122.0724,21.6327
122.2248,21.9473
122.3772,22.0487
122.5296,20.1109
122.682,21.5791
122.8344,23.3613
122.9868,23.9984
123.1392,25.9406
123.2916,25.6164
123.444,25.8762
123.5964,24.3362
123.7488,22.8238
123.9012,23.1822
124.0536,22.4678
124.206,24.0906
124.3584,23.8312
124.5108,24.1331
124.6632,25.534
124.8156,25.5823
124.968,26.0103
125.1204,23.2425
125.2728,22.3476
125.4252,19.7739
125.5776,20.1565
125.73,21.3628
125.8824,22.3674
126.0348,23.7662
126.1872,24.0882
126.3396,25.1341
126.492,23.6667
126.6444,23.0483
126.7968,22.4816
126.9492,22.0607
127.1016,21.896
127.254,21.8337
127.4064,22.4167
127.5588,21.8346
127.7112,21.7184
127.8636,21.5074
128.016,22.2005
128.1684,22.896
128.3208,23.7245
128.4732,22.2108
128.6256,22.5247
128.778,21.7474
128.9304,23.0592
129.0828,23.9012
129.2352,25.2576
129.3876,26.178
129.54,24.5369
129.6924,24.1751
129.8448,23.5462
129.9972,23.0222
130.1496,21.8241
130.302,20.5252
130.4544,21.7788
130.6068,22.7824
130.7592,25.0762
130.9116,26.2429
131.064,26.9131
131.2164,27.1301
131.3688,26.4934
131.5212,23.1366
131.6736,23.0882
131.826,22.0527
131.9784,24.9816
132.1308,23.4669
132.2832,24.4123
132.4356,25.4729
132.588,28.1345
132.7404,28.4808
132.8928,27.2185
133.0452,25.2131
133.1976,25.4281
133.35,26.3786
133.5024,25.9706
133.6548,24.9952
133.8072,23.8838
133.9596,25.2524
134.112,24.9313
134.2644,25.0735
134.4168,24.9154
134.5692,26.5381
134.7216,26.5544
134.874,26.4695
135.0264,25.3557
135.1788,25.2991
135.3312,23.5668
135.4836,23.6171
135.636,25.9324
135.7884,27.8648
135.9408,28.1411
136.0932,26.5103
136.2456,26.234
136.398,25.8058
136.5504,24.7257
136.7028,24.7481
136.8552,28.0961
137.0076,28.6455
137.16,29.6169
137.3124,27.7422
137.4648,28.7502
137.6172,28.1237
137.7696,27.0679
137.922,27.3255
138.0744,28.3185
138.2268,29.4211
138.3792,28.7378
138.5316,28.7302
138.684,27.7853
138.8364,28.2514
138.9888,27.5388
139.1412,28.1394
139.2936,28.5641
139.446,29.4448
139.5984,32.3963
139.7508,33.6034
139.9032,33.6456
140.0556,32.7847
140.208,31.4466
140.3604,31.9182
140.5128,31.2284
140.6652,33.4775
140.8176,35.4949
140.97,36.9084
141.1224,36.1311
141.2748,33.6563
141.4272,31.9929
141.5796,29.2602
141.732,28.828
141.8844,26.9232
142.0368,28.31
142.1892,29.1056
142.3416,31.604
142.494,31.3665
142.6464,30.5824
142.7988,28.8666
142.9512,27.7821
143.1036,26.5675
143.256,26.3403
143.4084,26.2789
143.5608,26.443
143.7132,26.5675
143.8656,28.5314
144.018,30.768
144.1704,31.3965
144.3228,30.2097
144.4752,28.8927
144.6276,26.9687
144.78,28.5909
144.9324,28.0892
145.0848,30.2861
145.2372,29.6397
145.3896,29.9908
145.542,29.6362
145.6944,29.3881
145.8468,32.1751
145.9992,33.3103
146.1516,34.3872
146.304,33.4428
146.4564,33.7406
146.6088,32.7598
146.7612,29.9173
146.9136,28.7552
147.066,27.99
147.2184,30.1578
147.3708,31.2974
147.5232,32.3256
147.6756,33.6014
147.828,32.5417
147.9804,32.7546
148.1328,32.6661
148.2852,33.0621
148.4376,33.2802
148.59,32.143
148.7424,31.1109
148.8948,29.8114
149.0472,28.8432
149.1996,28.6971
149.352,28.501
149.5044,27.9525
149.6568,26.1162
149.8092,26.3259
149.9616,25.8201
150.114,27.1002
150.2664,24.9447
150.4188,23.3318
150.5712,23.1231
150.7236,23.3832
150.876,25.6743
151.0284,26.4512
151.1808,28.334
151.3332,28.264
151.4856,28.1801
151.638,27.0829
151.7904,28.0196
151.9428,26.8018
152.0952,28.0125
152.2476,27.0188
152.4,27.7199
152.5524,26.7577
152.7048,26.9835
152.8572,28.7767
153.0096,28.8944
153.162,29.9112
153.3144,30.431
153.4668,32.2538
153.6192,31.8658
153.7716,29.062
153.924,27.309
154.0764,27.4869
154.2288,29.9779
154.3812,31.7268
154.5336,32.2295
154.686,31.5041
154.8384,31.0539
154.9908,29.9517
155.1432,30.2163
155.2956,30.4092
155.448,33.408
155.6004,34.9056
155.7528,35.1965
155.9052,33.8843
156.0576,32.7311
156.21,34.723
156.3624,36.6071
156.5148,37.6554
156.6672,36.0901
156.8196,34.0391
156.972,33.5946
157.1244,33.6272
157.2768,34.3996
157.4292,33.4485
157.5816,34.0153
157.734,35.0074
157.8864,37.8489
158.0388,40.3877
158.1912,39.7219
158.3436,39.6038
158.496,39.9027
158.6484,41.4925
158.8008,42.3438
158.9532,43.5652
159.1056,44.1131
159.258,43.5771
159.4104,41.5338
159.5628,38.3802
159.7152,36.4708
159.8676,34.2346
160.02,33.6477
160.1724,32.4694
160.3248,33.2725
160.4772,34.4311
160.6296,35.6748
160.782,35.1902
160.9344,32.9601
161.0868,32.9517
161.2392,35.1446
161.3916,37.7465
161.544,41.0213
161.6964,40.4387
161.8488,41.2897
162.0012,39.6601
162.1536,39.7318
162.306,38.611
162.4584,37.5263
162.6108,37.9745
162.7632,39.9478
162.9156,41.051
163.068,43.2112
163.2204,44.6033
163.3728,48.017
163.5252,47.2601
163.6776,46.0219
163.83,42.5452
163.9824,42.5525
164.1348,41.3656
164.2872,41.7945
164.4396,42.2078
164.592,45.0027
164.7444,46.1371
164.8968,45.1409
165.0492,42.2313
165.2016,41.4479
165.354,40.7589
165.5064,42.9189
165.6588,44.5689
165.8112,48.3292
165.9636,49.0104
166.116,47.4736
166.2684,43.763
166.4208,41.0109
166.5732,38.5374
166.7256,35.7629
166.878,34.0013
167.0304,34.2233
167.1828,33.8566
167.3352,34.8328
167.4876,36.0953
167.64,38.8905
167.7924,40.9063
167.9448,41.9867
168.0972,41.415
168.2496,40.082
168.402,36.5999
168.5544,36.0972
168.7068,33.076
168.8592,32.9515
169.0116,31.2263
169.164,32.619
169.3164,33.4074
169.4688,35.6763
169.6212,36.3692
169.7736,36.0142
169.926,35.5391
170.0784,36.8525
170.2308,39.5971
170.3832,43.6344
170.5356,44.8434
170.688,46.3469
170.8404,43.6436
170.9928,42.6654
171.1452,41.1188
171.2976,40.6252
171.45,40.3789
171.6024,38.49
171.7548,36.489
171.9072,35.1488
172.0596,34.3923
172.212,33.552
172.3644,33.988
172.5168,38.4984
172.6692,42.2885
172.8216,41.9988
172.974,40.3136
173.1264,42.127
173.2788,45.6205
173.4312,46.7924
173.5836,45.9421
173.736,46.9972
173.8884,44.5625
174.0408,41.4337
174.1932,37.2899
174.3456,35.4695
174.498,34.552
174.6504,35.5335
174.8028,37.754
174.9552,39.8784
175.1076,39.9329
175.26,41.4431
175.4124,44.9594
175.5648,44.4967
175.7172,40.8743
175.8696,35.3955
176.022,34.2051
176.1744,37.902
176.3268,40.2134
176.4792,42.6166
176.6316,42.5909
176.784,41.6448
176.9364,39.8463
177.0888,36.2417
177.2412,34.9012
177.3936,35.1025
177.546,37.7451
177.6984,38.1318
177.8508,36.5558
178.0032,35.2827
178.1556,34.7602
178.308,36.4675
178.4604,35.3106
178.6128,34.985
178.7652,33.6649
178.9176,32.8614
179.07,34.496
179.2224,34.5696
179.3748,35.5064
179.5272,35.9354
179.6796,37.8476
179.832,40.6708
179.9844,41.1317
180.1368,41.7687
180.2892,42.5243
180.4416,43.0685
180.594,43.058
180.7464,41.6421
180.8988,41.6345
181.0512,39.3086
181.2036,37.0266
181.356,34.7747
181.5084,34.5319
181.6608,35.0442
181.8132,34.182
181.9656,35.343
182.118,35.3843
182.2704,35.8308
182.4228,33.9538
182.5752,34.5236
182.7276,35.0155
182.88,36.2257
183.0324,36.8129
183.1848,36.4916
183.3372,36.3522
183.4896,34.5713
183.642,35.8858
183.7944,37.0681
183.9468,39.0422
184.0992,36.9898
184.2516,36.226
184.404,33.7382
184.5564,35.1721
184.7088,34.8071
184.8612,35.9747
185.0136,35.2524
185.166,36.6245
185.3184,35.6607
185.4708,39.2615
185.6232,38.8108
185.7756,41.7282
185.928,38.6724
186.0804,38.105
186.2328,35.5231
186.3852,37.0757
186.5376,37.019
186.69,40.0091
186.8424,39.9569
186.9948,44.0342
187.1472,45.6163
187.2996,46.4084
187.452,45.7753
187.6044,46.5691
187.7568,46.6554
187.9092,42.6772
188.0616,39.4597
188.214,36.6374
188.3664,41.685
188.5188,42.893
188.6712,45.9679
188.8236,42.1785
188.976,42.5102
189.1284,41.0052
189.2808,41.077
189.4332,39.5047
189.5856,38.094
189.738,36.7113
189.8904,36.1708
190.0428,38.3007
190.1952,40.6404
190.3476,40.5345
190.5,38.3664
190.6524,37.015
190.8048,39.2465
190.9572,40.9351
191.1096,42.186
191.262,37.8247
191.4144,35.6757
191.5668,32.9321
191.7192,35.5924
191.8716,35.5592
192.024,34.7745
192.1764,34.8927
192.3288,36.8885
192.4812,39.3248
192.6336,37.3687
192.786,38.1171
192.9384,39.3568
193.0908,41.5722
193.2432,41.6436
193.3956,42.0905
193.548,43.4183
193.7004,47.8067
193.8528,50.3235
194.0052,52.6905
194.1576,51.9086
194.31,51.5456
194.4624,50.9305
194.6148,50.0476
194.7672,49.5195
194.9196,48.2825
195.072,46.0341
195.2244,43.1691
195.3768,40.7117
195.5292,39.0063
195.6816,42.4787
195.834,45.9947
195.9864,51.2929
196.1388,52.7488
196.2912,50.638
196.4436,46.7028
196.596,41.5063
196.7484,39.3316
196.9008,38.3863
197.0532,38.4742
197.2056,39.6689
197.358,42.187
197.5104,43.3657
197.6628,43.6218
197.8152,40.4754
197.9676,38.6376
198.12,38.4961
198.2724,38.2085
198.4248,37.8042
198.5772,34.7931
198.7296,35.6732
198.882,36.8055
199.0344,36.481
199.1868,35.1988
199.3392,35.005
199.4916,38.9706
199.644,37.9896
199.7964,38.0244
199.9488,37.2914
200.1012,41.8868
200.2536,46.6784
200.406,46.339
200.5584,46.0492
200.7108,44.2296
200.8632,48.6306
201.0156,47.7093
201.168,44.9228
201.3204,41.0953
201.4728,40.4642
201.6252,42.756
201.7776,43.9938
201.93,43.641
202.0824,42.2036
202.2348,40.1938
202.3872,39.0254
202.5396,38.6487
202.692,39.4964
202.8444,42.5174
202.9968,43.3492
203.1492,42.6975
203.3016,39.644
203.454,37.0085
203.6064,35.4519
203.7588,35.09
203.9112,36.6028
204.0636,40.9169
204.216,42.7522
204.3684,43.2105
204.5208,41.5538
204.6732,40.1332
204.8256,39.344
204.978,37.088
205.1304,36.4547
205.2828,36.6325
205.4352,37.8952
205.5876,38.1387
205.74,36.3183
205.8924,35.6123
206.0448,33.8021
206.1972,32.7963
206.3496,32.635
206.502,33.7671
206.6544,35.8964
206.8068,36.447
206.9592,38.995
207.1116,40.6592
207.264,38.4181
207.4164,35.2806
207.5688,33.1142
207.7212,32.6131
207.8736,34.0024
208.026,33.815
208.1784,35.0838
208.3308,34.6244
208.4832,36.5853
208.6356,37.4355
208.788,38.3279
208.9404,37.427
209.0928,38.5228
209.2452,37.2997
209.3976,34.7088
209.55,33.4188
209.7024,33.5984
209.8548,34.8709
210.0072,35.5928
210.1596,37.0941
210.312,35.8556
210.4644,35.6567
210.6168,36.145
210.7692,38.3831
210.9216,38.0515
211.074,37.8635
211.2264,38.6981
211.3788,39.2152
211.5312,38.8451
211.6836,36.7651
211.836,36.2436
211.9884,35.5533
212.1408,36.1069
212.2932,35.0327
212.4456,35.7212
212.598,36.8741
212.7504,37.0387
212.9028,35.9223
213.0552,34.8163
213.2076,35.586
213.36,36.8377
213.5124,36.9008
213.6648,36.7626
213.8172,36.9636
213.9696,38.6536
214.122,40.4069
214.2744,40.8135
214.4268,39.0588
214.5792,39.0466
214.7316,40.7636
214.884,45.2928
215.0364,48.0773
215.1888,50.4423
215.3412,53.1748
215.4936,52.1101
215.646,53.0757
215.7984,49.0479
215.9508,49.959
216.1032,47.1127
216.2556,46.3802
216.408,47.2105
216.5604,47.1386
216.7128,46.3937
216.8652,43.3688
217.0176,40.7122
217.17,39.0708
217.3224,38.1871
217.4748,37.8515
217.6272,38.4211
217.7796,37.4148
217.932,35.6243
218.0844,34.8592
218.2368,35.1009
218.3892,37.3494
218.5416,38.008
218.694,40.0341
218.8464,40.7261
218.9988,42.7659
219.1512,42.0839
219.3036,41.0876
219.456,38.9311
219.6084,34.4053
219.7608,32.3721
219.9132,31.0962
220.0656,31.835
220.218,31.8125
220.3704,31.1854
220.5228,32.3548
220.6752,32.3112
220.8276,31.6268
220.98,31.1635
221.1324,33.1247
221.2848,35.2999
221.4372,37.0295
221.5896,34.6885
221.742,34.0619
221.8944,34.6364
222.0468,36.349
222.1992,37.8373
222.3516,36.7229
222.504,37.2893
222.6564,35.6339
222.8088,36.9561
222.9612,37.1346
223.1136,37.0788
223.266,32.6994
223.4184,30.7389
223.5708,31.2395
223.7232,35.7397
223.8756,39.9619
224.028,40.8584
224.1804,39.5412
224.3328,37.6975
224.4852,37.272
224.6376,37.834
224.79,37.8334
224.9424,38.7657
225.0948,38.5169
225.2472,36.8543
225.3996,34.8979
225.552,34.0379
225.7044,35.1831
225.8568,39.2765
226.0092,38.3196
226.1616,36.6946
226.314,32.1529
226.4664,30.5452
226.6188,30.6438
226.7712,29.1112
226.9236,30.442
227.076,30.605
227.2284,31.0046
227.3808,33.8806
227.5332,34.2823
227.6856,36.0351
227.838,34.8521
227.9904,34.2519
228.1428,33.9744
228.2952,32.9567
228.4476,32.4015
228.6,32.5973
228.7524,31.6945
228.9048,30.9809
229.0572,30.3276
229.2096,28.7293
229.362,29.6975
229.5144,30.6262
229.6668,32.0328
229.8192,31.3005
229.9716,29.6691
230.124,30.2503
230.2764,29.7685
230.4288,28.4999
230.5812,28.6523
230.7336,28.8916
230.886,30.8801
231.0384,31.9838
231.1908,33.9854
231.3432,33.2057
231.4956,32.2401
231.648,31.0842
231.8004,31.0292
231.9528,31.6313
232.1052,31.5548
232.2576,32.5435
232.41,29.501
232.5624,29.8649
232.7148,29.3858
232.8672,32.4877
233.0196,33.4616
233.172,33.537
233.3244,33.853
233.4768,33.0509
233.6292,33.9603
233.7816,31.8892
233.934,32.5887
234.0864,34.2791
234.2388,35.1929
234.3912,35.8494
234.5436,35.8809
234.696,37.0976
234.8484,37.243
235.0008,36.1092
235.1532,36.3985
235.3056,35.8812
235.458,36.488
235.6104,36.6167
235.7628,36.1483
235.9152,34.4235
236.0676,32.7789
236.22,33.3333
236.3724,34.8806
236.5248,36.9773
236.6772,37.9864
236.8296,39.3237
236.982,38.4642
237.1344,37.785
237.2868,38.9437
237.4392,40.5325
237.5916,41.118
237.744,38.8982
237.8964,36.7483
238.0488,38.1727
238.2012,40.268
238.3536,44.6221
238.506,44.4377
238.6584,44.8702
238.8108,44.178
238.9632,44.675
239.1156,43.5962
239.268,42.2972
239.4204,40.1485
239.5728,37.9801
239.7252,35.8962
239.8776,36.6574
240.03,37.9652
240.1824,41.3064
240.3348,42.3153
240.4872,42.8292
240.6396,42.8418
240.792,41.1749
240.9444,40.9839
241.0968,42.655
241.2492,43.9703
241.4016,46.2262
241.554,44.2489
241.7064,45.7452
241.8588,46.7346
242.0112,48.4883
242.1636,46.9724
242.316,44.2999
242.4684,43.5144
242.6208,46.8869
242.7732,48.236
242.9256,48.9751
243.078,46.2509
243.2304,46.0526
243.3828,42.2007
243.5352,39.4681
243.6876,36.2989
243.84,35.1131
243.9924,33.2927
244.1448,33.4782
244.2972,35.6399
244.4496,37.3573
244.602,35.9033
244.7544,33.8115
244.9068,34.2272
245.0592,36.7788
245.2116,37.6394
245.364,39.3069
245.5164,40.6305
245.6688,43.0057
245.8212,44.8409
245.9736,44.5233
246.126,44.6308
246.2784,43.6947
246.4308,43.4748
246.5832,41.6339
246.7356,39.9911
246.888,37.2966
247.0404,37.1991
247.1928,38.0955
247.3452,43.1842
247.4976,45.7635
247.65,44.971
247.8024,43.925
247.9548,42.7694
248.1072,42.2909
248.2596,39.4988
248.412,36.0702
248.5644,33.8633
248.7168,32.9388
248.8692,32.8929
249.0216,35.8926
249.174,38.7789
249.3264,41.5911
249.4788,37.6076
249.6312,33.5616
249.7836,30.5709
249.936,31.8109
250.0884,36.2679
250.2408,39.3044
250.3932,40.7926
250.5456,37.0218
250.698,34.0465
250.8504,31.603
251.0028,30.09
251.1552,29.6928
251.3076,28.5526
251.46,28.0251
251.6124,27.0893
251.7648,29.5602
251.9172,29.9423
252.0696,30.7946
252.222,30.2463
252.3744,30.012
252.5268,29.5124
252.6792,26.6911
252.8316,28.1107
252.984,28.172
253.1364,29.4629
253.2888,29.227
253.4412,27.8251
253.5936,28.5308
253.746,28.4116
253.8984,31.6495
254.0508,32.6767
254.2032,33.8117
254.3556,33.2204
254.508,33.6246
254.6604,34.6312
254.8128,38.2095
254.9652,40.0271
255.1176,41.1712
255.27,38.5583
255.4224,38.2933
255.5748,37.3635
255.7272,37.5101
255.8796,35.9548
256.032,35.3514
256.1844,37.201
256.3368,37.3648
256.4892,37.3681
256.6416,37.1857
256.794,39.0346
256.9464,41.4135
257.0988,40.4648
257.2512,39.2818
257.4036,36.6545
257.556,34.3636
257.7084,35.2341
257.8608,33.4133
258.0132,32.0449
258.1656,29.5356
258.318,30.3214
258.4704,31.226
258.6228,32.2456
258.7752,34.2488
258.9276,36.8404
259.08,37.7842
259.2324,39.8154
259.3848,40.4913
259.5372,41.5032
259.6896,39.3842
259.842,38.7797
259.9944,39.9161
260.1468,38.5382
260.2992,37.7832
260.4516,34.6054
260.604,34.2522
260.7564,36.0617
260.9088,36.8068
261.0612,37.6169
261.2136,36.7585
261.366,36.1753
261.5184,38.4533
261.6708,38.5409
261.8232,38.8405
261.9756,34.9815
262.128,32.3598
262.2804,31.3241
262.4328,32.6963
262.5852,34.0343
262.7376,35.9029
262.89,36.9649
263.0424,37.1401
263.1948,35.8515
263.3472,33.6045
263.4996,31.3572
263.652,28.9904
263.8044,28.5735
263.9568,30.3699
264.1092,34.5903
264.2616,36.6655
264.414,36.813
264.5664,36.3348
264.7188,35.695
264.8712,35.19
265.0236,31.8741
265.176,31.5195
265.3284,32.7797
265.4808,37.4626
265.6332,40.4898
265.7856,43.2385
265.938,43.1878
266.0904,44.1264
266.2428,44.1422
266.3952,44.3547
266.5476,43.5717
266.7,40.9623
266.8524,40.3726
267.0048,40.004
267.1572,38.2169
267.3096,32.0953
267.462,26.9269
267.6144,26.1696
267.7668,28.3121
267.9192,27.8463
268.0716,28.756
268.224,29.3925
268.3764,31.4511
268.5288,30.6723
268.6812,30.88
268.8336,31.6194
268.986,33.8565
269.1384,35.5956
269.2908,39.6087
269.4432,42.1239
269.5956,47.4536
269.748,47.8103
269.9004,45.7803
270.0528,41.0969
270.2052,39.0667
270.3576,40.1299
270.51,40.2658
270.6624,43.3065
270.8148,45.117
270.9672,47.2664
271.1196,47.8624
271.272,48.6921
271.4244,49.4735
271.5768,48.2911
271.7292,50.0447
271.8816,49.2568
272.034,48.3528
272.1864,44.2584
272.3388,42.839
272.4912,42.6664
272.6436,43.4354
272.796,44.998
272.9484,44.9058
273.1008,46.2321
273.2532,47.6341
273.4056,51.4942
273.558,50.9884
273.7104,51.8552
273.8628,48.1284
274.0152,48.0269
274.1676,42.874
274.32,40.1514
274.4724,37.4299
274.6248,39.4553
274.7772,40.8782
274.9296,41.6737
275.082,42.4851
275.2344,43.3787
275.3868,44.7071
275.5392,42.2964
275.6916,40.7826
275.844,38.6936
275.9964,37.652
276.1488,35.3928
276.3012,35.3822
276.4536,37.9839
276.606,39.8385
276.7584,39.9395
276.9108,40.4063
277.0632,40.4383
277.2156,41.2356
277.368,40.73
277.5204,42.2268
277.6728,42.5712
277.8252,41.5006
277.9776,39.9896
278.13,39.5516
278.2824,41.6238
278.4348,43.2876
278.5872,46.0182
278.7396,47.1012
278.892,50.72
279.0444,48.8459
279.1968,50.6394
279.3492,47.9629
279.5016,51.2262
279.654,47.9218
279.8064,48.7993
279.9588,45.6491
280.1112,43.8951
280.2636,40.2775
280.416,38.3604
280.5684,38.1318
280.7208,38.067
280.8732,38.8277
281.0256,38.1818
281.178,38.1248
281.3304,35.3831
281.4828,32.9428
281.6352,33.5473
281.7876,34.7243
281.94,36.671
282.0924,34.5627
282.2448,33.4939
282.3972,31.8123
282.5496,32.2085
282.702,31.9762
282.8544,32.2664
283.0068,30.9877
283.1592,32.1274
283.3116,33.4767
283.464,36.3304
283.6164,36.5925
283.7688,36.2407
283.9212,35.3119
284.0736,35.8392
284.226,35.5443
284.3784,36.2857
284.5308,36.2321
284.6832,37.177
284.8356,37.5406
284.988,36.6743
285.1404,36.3788
285.2928,36.1532
285.4452,37.9599
285.5976,39.0894
285.75,38.4979
285.9024,37.524
286.0548,37.9433
286.2072,39.0583
286.3596,39.0838
286.512,37.1219
286.6644,36.8844
286.8168,36.8462
286.9692,37.3493
287.1216,37.4743
287.274,37.825
287.4264,37.8928
287.5788,36.26
287.7312,35.3981
287.8836,36.3824
288.036,38.8977
288.1884,40.7177
288.3408,41.2744
288.4932,41.7611
288.6456,42.3733
288.798,41.2648
288.9504,41.7032
289.1028,42.6275
289.2552,45.4515
289.4076,45.8688
289.56,43.924
289.7124,42.9079
289.8648,40.8963
290.0172,41.3791
290.1696,38.6499
290.322,37.2215
290.4744,36.1322
290.6268,35.2419
290.7792,36.4979
290.9316,35.4264
291.084,37.3174
291.2364,35.9817
291.3888,39.0159
291.5412,39.3871
291.6936,39.0561
291.846,37.5818
291.9984,36.7371
292.1508,38.6498
292.3032,37.7602
292.4556,39.8144
292.608,39.4738
292.7604,41.7135
292.9128,41.3075
293.0652,42.0457
293.2176,41.0128
293.37,42.1054
293.5224,41.4024
293.6748,39.6972
293.8272,36.5982
293.9796,35.5348
294.132,36.0811
294.2844,37.36
294.4368,38.3301
294.5892,38.44
294.7416,36.4935
294.894,35.8511
295.0464,35.1617
295.1988,36.3688
295.3512,35.1988
295.5036,35.5392
295.656,36.4179
295.8084,34.1741
295.9608,32.5035
296.1132,29.9322
296.2656,32.8234
296.418,34.2985
296.5704,35.7532
296.7228,36.471
296.8752,35.8362
297.0276,36.0875
297.18,36.1163
297.3324,38.5357
297.4848,38.8889
297.6372,39.16
297.7896,39.9729
297.942,41.0414
298.0944,42.0793
298.2468,39.0222
298.3992,36.9117
298.5516,35.2918
298.704,35.7758
298.8564,35.1615
299.0088,33.8029
299.1612,33.1696
299.3136,34.5698
299.466,35.1913
299.6184,34.1626
299.7708,32.0787
299.9232,29.6157
300.0756,30.5375
300.228,30.4365
300.3804,33.7085
300.5328,33.9214
300.6852,35.2552
300.8376,35.1397
300.99,34.8912
301.1424,34.0684
301.2948,33.4235
301.4472,32.6739
301.5996,32.2072
301.752,30.0494
301.9044,29.6733
302.0568,29.6369
302.2092,30.6353
302.3616,30.8867
302.514,30.2885
302.6664,30.6689
302.8188,33.8258
302.9712,36.6968
303.1236,38.2053
303.276,36.1781
303.4284,35.1428
303.5808,34.6143
303.7332,33.9487
303.8856,34.2325
304.038,33.7327
304.1904,36.2159
304.3428,37.5608
304.4952,40.0294
304.6476,40.8024
304.8,41.8673
304.9524,44.1243
305.1048,45.7361
305.2572,45.9289
305.4096,45.7281
305.562,48.6798
305.7144,55.6061
305.8668,60.4151
306.0192,59.8517
306.1716,56.9926
306.324,54.4641
306.4764,53.6221
306.6288,51.8976
306.7812,49.2643
306.9336,46.2477
307.086,43.7111
307.2384,44.7604
307.3908,48.1149
307.5432,48.0223
307.6956,46.0335
307.848,41.4365
308.0004,40.6305
308.1528,37.9829
308.3052,37.0713
308.4576,36.6848
308.61,36.5085
308.7624,35.6366
308.9148,32.7139
309.0672,30.1286
309.2196,28.3273
309.372,27.2741
309.5244,26.1996
309.6768,25.7619
309.8292,24.949
309.9816,25.1526
310.134,24.464
310.2864,24.9072
310.4388,24.8131
310.5912,24.8382
310.7436,25.3529
310.896,26.1321
311.0484,26.5491
311.2008,25.3146
311.3532,24.386
311.5056,23.1772
311.658,22.4158
311.8104,20.9376
311.9628,19.81
312.1152,21.0168
312.2676,23.2872
312.42,25.1146
312.5724,24.2814
312.7248,22.8551
312.8772,22.0194
313.0296,22.0439
313.182,20.8008
313.3344,21.1286
313.4868,21.642
313.6392,24.5485
313.7916,24.4218
313.944,23.4153
314.0964,22.9411
314.2488,24.6346
314.4012,25.8177
314.5536,24.9233
314.706,23.4567
314.8584,22.7172
315.0108,23.0988
315.1632,22.5217
315.3156,21.5833
315.468,21.2322
315.6204,23.5097
315.7728,25.7339
315.9252,27.1686
316.0776,27.4609
316.23,28.2012
316.3824,27.6207
316.5348,25.8057
316.6872,24.2438
316.8396,23.3228
316.992,24.6651
317.1444,25.1137
317.2968,24.3721
317.4492,23.0921
317.6016,21.4823
317.754,22.4251
317.9064,23.1444
318.0588,23.4762
318.2112,23.5103
318.3636,22.6517
318.516,22.2541
318.6684,21.2346
318.8208,20.5405
318.9732,21.0205
319.1256,20.2777
319.278,21.0631
319.4304,21.1033
319.5828,22.2565
319.7352,20.2765
319.8876,20.1379
320.04,19.8301
320.1924,19.9919
320.3448,19.6502
320.4972,19.193
320.6496,19.4212
320.802,19.2855
320.9544,19.1846
321.1068,18.6605
321.2592,20.085
321.4116,20.3495
321.564,21.6789
321.7164,20.1154
321.8688,20.2639
322.0212,19.8442
322.1736,20.6364
322.326,19.8311
322.4784,19.1836
322.6308,17.0853
322.7832,17.3646
322.9356,17.7959
323.088,18.3863
323.2404,18.8006
323.3928,19.4826
323.5452,20.6989
323.6976,20.6682
323.85,21.1124
324.0024,20.8962
324.1548,20.3131
324.3072,19.4538
324.4596,21.1226
324.612,23.3134
324.7644,23.412
324.9168,21.8356
325.0692,21.2147
325.2216,20.2447
325.374,20.1779
325.5264,19.929
325.6788,20.3756
325.8312,20.8105
325.9836,19.9015
326.136,20.6975
326.2884,19.4907
326.4408,20.2374
326.5932,21.0815
326.7456,23.4781
326.898,24.6094
327.0504,24.8974
327.2028,24.4776
327.3552,24.516
327.5076,24.7267
327.66,24.377
327.8124,25.5843
327.9648,24.5772
328.1172,24.7177
328.2696,22.6331
328.422,22.4877
328.5744,20.9792
328.7268,20.7411
328.8792,20.5978
329.0316,20.4637
329.184,20.6554
329.3364,20.5043
329.4888,22.7898
329.6412,22.0421
329.7936,22.669
329.946,21.2437
330.0984,21.962
330.2508,20.9859
330.4032,22.0315
330.5556,21.8306
330.708,23.8285
330.8604,23.4426
331.0128,22.4653
331.1652,21.8385
331.3176,22.4259
331.47,23.8705
331.6224,24.0023
331.7748,23.6969
331.9272,25.3198
332.0796,25.4763
332.232,25.7549
332.3844,25.6316
332.5368,24.2438
332.6892,23.4617
332.8416,21.6661
332.994,22.3273
333.1464,23.2838
333.2988,24.931
333.4512,23.3683
333.6036,22.8263
333.756,21.9402
333.9084,23.4394
334.0608,22.8738
334.2132,22.6131
334.3656,22.0134
334.518,20.8223
334.6704,20.8205
334.8228,20.3985
334.9752,21.5782
335.1276,21.2149
335.28,20.2508
335.4324,20.0495
335.5848,18.4196
335.7372,19.4952
335.8896,20.5266
336.042,20.8147
336.1944,22.6033
336.3468,21.5578
336.4992,22.557
336.6516,22.3234
336.804,23.1548
336.9564,23.9482
337.1088,23.7223
337.2612,23.8742
337.4136,22.5417
337.566,22.4662
337.7184,21.5603
337.8708,22.2862
338.0232,23.1458
338.1756,23.5622
338.328,24.3592
338.4804,22.532
338.6328,21.7591
338.7852,20.8743
338.9376,21.5344
339.09,22.9734
339.2424,22.31
339.3948,22.1495
339.5472,21.3089
339.6996,21.3615
339.852,21.2446
340.0044,21.2903
340.1568,21.8559
340.3092,21.5416
340.4616,21.5199
340.614,21.3277
340.7664,21.5529
340.9188,21.0347
341.0712,20.6926
341.2236,21.2422
341.376,21.7998
341.5284,23.0303
341.6808,21.6687
341.8332,21.3355
341.9856,19.8421
342.138,21.0159
342.2904,20.1291
342.4428,21.1925
342.5952,21.3583
342.7476,22.5045
342.9,22.7354
343.0524,23.0271
343.2048,23.0694
343.3572,22.4254
343.5096,21.9455
343.662,22.1491
343.8144,23.2777
343.9668,24.3059
344.1192,23.1384
344.2716,21.8621
344.424,20.0267
344.5764,21.0774
344.7288,20.7074
344.8812,20.9218
345.0336,20.5905
345.186,20.7057
345.3384,20.3703
345.4908,19.8871
345.6432,19.8989
345.7956,20.1838
345.948,21.06
346.1004,20.8752
346.2528,21.7416
346.4052,21.0416
346.5576,20.766
346.71,20.6619
346.8624,21.3136
347.0148,23.4268
347.1672,22.8952
347.3196,22.8013
347.472,22.5215
347.6244,21.9667
347.7768,22.035
347.9292,21.366
348.0816,22.2893
348.234,21.6956
348.3864,20.3343
348.5388,20.0117
348.6912,20.1742
348.8436,19.6659
348.996,17.9331
349.1484,16.9353
349.3008,17.8914
349.4532,20.094
349.6056,20.0611
349.758,20.3719
349.9104,19.8814
350.0628,20.8795
350.2152,21.7018
350.3676,23.3754
350.52,23.3553
350.6724,22.4533
350.8248,21.3124
350.9772,20.9496
351.1296,20.1987
351.282,17.9463
351.4344,17.3817
351.5868,18.1598
351.7392,18.5779
351.8916,18.554
352.044,19.0571
352.1964,21.7546
352.3488,22.4599
352.5012,21.3795
352.6536,19.9587
352.806,19.6648
352.9584,19.8553
353.1108,17.5225
353.2632,17.0346
353.4156,16.7222
353.568,18.0365
353.7204,19.2774
353.8728,20.2588
354.0252,21.4333
354.1776,20.0499
354.33,20.6831
354.4824,19.5453
354.6348,21.0878
354.7872,19.5264
354.9396,20.757
355.092,20.8668
355.2444,21.4599
355.3968,21.3343
355.5492,19.829
355.7016,19.4193
355.854,19.5239
356.0064,20.1917
356.1588,20.0149
356.3112,19.6491
356.4636,19.3156
356.616,19.3992
356.7684,18.8686
356.9208,19.3963
357.0732,19.9438
357.2256,20.2396
357.378,20.3468
357.5304,21.3762
357.6828,21.2612
357.8352,20.7372
357.9876,18.93
358.14,19.4278
358.2924,19.023
358.4448,19.7858
358.5972,19.2258
358.7496,18.8709
358.902,19.8398
359.0544,20.466
359.2068,22.0214
359.3592,21.187
359.5116,21.1741
359.664,21.4715
359.8164,22.8316
359.9688,22.1411
360.1212,21.3114
360.2736,20.2062
360.426,19.6934
360.5784,19.4253
360.7308,19.7181
360.8832,19.4249
361.0356,18.5105
361.188,16.8864
361.3404,18.074
361.4928,18.7756
361.6452,19.8654
361.7976,20.3722
361.95,21.2168
362.1024,20.3426
362.2548,19.4596
362.4072,17.8293
362.5596,17.7994
362.712,17.7909
362.8644,18.8382
363.0168,17.6607
363.1692,17.8109
363.3216,17.7609
363.474,18.2224
363.6264,16.6587
363.7788,17.3179
363.9312,19.4743
364.0836,20.9654
364.236,20.9032
364.3884,21.4705
364.5408,21.4916
364.6932,22.0303
364.8456,22.7507
364.998,23.4328
365.1504,23.406
365.3028,21.5884
365.4552,22.5579
365.6076,22.2808
365.76,23.4951
365.9124,22.3596
366.0648,22.8604
366.2172,21.9395
366.3696,22.9837
366.522,24.0659
366.6744,24.6646
366.8268,25.3252
366.9792,23.7408
367.1316,23.4367
367.284,22.5433
367.4364,22.8018
367.5888,23.5207
367.7412,22.8278
367.8936,23.2743
368.046,22.9937
368.1984,23.2172
368.3508,21.8564
368.5032,20.9913
368.6556,21.2768
368.808,22.0405
368.9604,23.1357
369.1128,22.4343
369.2652,22.0985
369.4176,19.9455
369.57,21.7131
369.7224,22.2189
369.8748,24.4776
370.0272,21.9223
370.1796,22.0009
370.332,21.1247
370.4844,22.446
370.6368,22.7912
370.7892,22.5002
370.9416,22.8025
371.094,23.1464
371.2464,22.5258
371.3988,21.5264
371.5512,19.6719
371.7036,19.9917
371.856,20.7153
372.0084,21.1307
372.1608,20.6387
372.3132,21.2788
372.4656,23.9873
372.618,26.3053
372.7704,27.6549
372.9228,25.6803
373.0752,25.1234
373.2276,23.7723
373.38,25.4984
373.5324,28.9013
373.6848,29.9891
373.8372,30.6203
373.9896,28.3803
374.142,28.6589
374.2944,27.8908
374.4468,28.7732
374.5992,30.0932
374.7516,29.1602
374.904,28.0525
375.0564,26.4846
375.2088,27.7598
375.3612,27.5068
375.5136,25.9353
375.666,23.5952
375.8184,23.8438
375.9708,24.874
376.1232,25.6201
376.2756,24.5454
376.428,23.0103
376.5804,23.7712
376.7328,24.1495
376.8852,24.5638
377.0376,23.1502
377.19,22.7354
377.3424,23.4574
377.4948,23.4215
377.6472,23.4913
377.7996,22.5136
377.952,22.379
378.1044,22.7271
378.2568,22.7583
378.4092,23.7521
378.5616,22.2352
378.714,22.524
378.8664,22.6433
379.0188,24.67
379.1712,23.8647
379.3236,22.1964
379.476,21.5531
379.6284,22.5466
379.7808,24.3845
379.9332,24.4332
380.0856,25.2323
380.238,25.4929
380.3904,26.127
380.5428,26.2008
380.6952,26.4966
380.8476,26.7043
381,25.4908
381.1524,24.6637
381.3048,25.7387
381.4572,26.701
381.6096,26.9258
381.762,25.8287
381.9144,26.6533
382.0668,28.8991
382.2192,29.0908
382.3716,28.6955
382.524,27.4612
382.6764,27.3072
382.8288,26.2035
382.9812,25.624
383.1336,25.9845
383.286,27.7593
383.4384,29.194
383.5908,29.3007
383.7432,28.3354
383.8956,28.6387
384.048,29.09
384.2004,30.0312
384.3528,29.4486
384.5052,30.2673
384.6576,31.4542
384.81,31.7449
384.9624,33.4862
385.1148,32.2862
385.2672,34.1501
385.4196,32.6507
385.572,35.3319
385.7244,34.8168
385.8768,34.0576
386.0292,32.1231
386.1816,30.5614
386.334,31.0539
386.4864,31.6334
386.6388,32.0998
386.7912,30.404
386.9436,29.3089
387.096,28.9801
387.2484,31.1753
387.4008,31.3198
387.5532,31.3342
387.7056,30.5862
387.858,30.781
388.0104,30.6692
388.1628,30.6752
388.3152,30.065
388.4676,30.7725
388.62,30.7055
388.7724,31.8737
388.9248,30.9756
389.0772,32.2738
389.2296,32.5933
389.382,34.1472
389.5344,35.7824
389.6868,37.1927
389.8392,40.1743
389.9916,40.3045
390.144,41.4087
390.2964,39.2732
390.4488,39.5008
390.6012,40.3159
390.7536,39.6895
390.906,38.9232
391.0584,37.9716
391.2108,40.2849
391.3632,40.4613
391.5156,38.6309
391.668,38.0932
391.8204,37.7162
391.9728,37.712
392.1252,36.119
392.2776,35.268
392.43,36.4683
392.5824,35.7503
392.7348,35.4227
392.8872,35.0493
393.0396,36.358
393.192,37.4088
393.3444,39.0007
393.4968,40.7904
393.6492,43.8767
393.8016,47.7791
393.954,51.3347
394.1064,53.9896
394.2588,52.4274
394.4112,51.9907
394.5636,50.5766
394.716,53.1512
394.8684,52.3733
395.0208,53.0768
395.1732,51.139
395.3256,50.5841
395.478,48.13
395.6304,49.1484
395.7828,47.2933
395.9352,47.4999
396.0876,43.6333
396.24,43.3349
396.3924,40.9597
396.5448,40.6398
396.6972,38.2178
396.8496,37.8809
397.002,36.2391
397.1544,38.4016
397.3068,37.2658
397.4592,37.7563
397.6116,36.2335
397.764,37.6941
397.9164,37.3003
398.0688,37.3743
398.2212,36.2445
398.3736,34.8824
398.526,33.5483
398.6784,32.7088
398.8308,30.7481
398.9832,29.7081
399.1356,28.2673
399.288,27.6127
399.4404,27.7566
399.5928,28.8069
399.7452,29.5992
399.8976,30.409
400.05,31.6108
400.2024,32.5948
400.3548,33.6389
400.5072,32.5487
400.6596,34.2685
400.812,32.6194
400.9644,33.4702
401.1168,32.6039
401.2692,33.0319
401.4216,31.2662
401.574,32.1391
401.7264,32.1954
401.8788,34.1635
402.0312,34.623
402.1836,34.9324
402.336,33.3811
402.4884,33.3617
402.6408,33.3151
402.7932,34.9628
402.9456,33.5569
403.098,35.0292
403.2504,33.9573
403.4028,35.7434
403.5552,33.5966
403.7076,34.4572
403.86,32.9946
404.0124,33.3944
404.1648,32.2443
404.3172,31.9979
404.4696,32.3272
404.622,31.8035
404.7744,31.1423
404.9268,29.3566
405.0792,29.6457
405.2316,28.3488
405.384,28.4982
405.5364,30.0055
405.6888,31.101
405.8412,32.37
405.9936,30.6288
406.146,30.0389
406.2984,29.8458
406.4508,30.4305
406.6032,30.6603
406.7556,29.4567
406.908,28.8968
407.0604,29.1223
407.2128,30.0338
407.3652,29.9673
407.5176,29.7042
407.67,30.2005
407.8224,28.015
407.9748,28.9078
408.1272,27.1534
408.2796,30.9384
408.432,28.9161
408.5844,28.2577
408.7368,24.6638
408.8892,25.1533
409.0416,26.5239
409.194,27.8359
409.3464,28.2124
409.4988,30.1927
409.6512,30.9328
409.8036,32.5424
409.956,31.4877
410.1084,32.0941
410.2608,30.9797
410.4132,30.4194
410.5656,29.4495
410.718,29.3553
410.8704,29.9529
411.0228,30.7588
411.1752,31.4784
411.3276,30.4202
411.48,30.009
411.6324,31.5976
411.7848,32.6171
411.9372,32.9044
412.0896,31.4243
412.242,31.6988
412.3944,32.8363
412.5468,34.4368
412.6992,36.0094
412.8516,36.2527
413.004,35.9966
413.1564,35.1315
413.3088,34.1417
413.4612,31.5482
413.6136,30.6993
413.766,30.0337
413.9184,31.7589
414.0708,31.653
414.2232,31.8493
414.3756,32.7453
414.528,32.0867
414.6804,32.2215
414.8328,29.6628
414.9852,27.1468
415.1376,25.5961
415.29,24.2035
415.4424,25.851
415.5948,25.5043
415.7472,26.2253
415.8996,25.4639
416.052,25.5792
416.2044,25.692
416.3568,24.8157
416.5092,22.9946
416.6616,21.1719
416.814,21.5876
416.9664,23.09
417.1188,23.3482
417.2712,24.395
417.4236,25.6366
417.576,27.7356
417.7284,27.1189
417.8808,27.4324
418.0332,27.2023
418.1856,28.9198
418.338,29.5439
418.4904,31.6786
418.6428,32.0667
418.7952,33.18
418.9476,32.8892
419.1,34.7393
419.2524,35.1907
419.4048,34.5863
419.5572,32.7085
419.7096,29.2665
419.862,29.4975
420.0144,27.343
420.1668,29.4488
420.3192,28.0507
420.4716,29.351
420.624,26.8961
420.7764,27.1548
420.9288,27.2877
421.0812,29.1042
421.2336,28.6211
421.386,28.5456
421.5384,29.3743
421.6908,30.4822
421.8432,30.3391
421.9956,30.3089
422.148,30.4696
422.3004,33.6059
422.4528,33.8818
422.6052,34.8351
422.7576,32.7773
422.91,32.7975
423.0624,31.1713
423.2148,30.2138
423.3672,29.2966
423.5196,28.8414
423.672,29.892
423.8244,31.1159
423.9768,34.9222
424.1292,36.3301
424.2816,33.5715
424.434,30.2926
424.5864,28.1481
424.7388,30.5311
424.8912,30.2223
425.0436,30.3313
425.196,29.9786
425.3484,31.1992
425.5008,31.0957
425.6532,31.1181
425.8056,31.5343
425.958,32.8953
426.1104,32.8761
426.2628,31.7776
426.4152,30.9325
426.5676,31.1828
426.72,31.3944
426.8724,30.5644
427.0248,29.9395
427.1772,29.5598
427.3296,29.8542
427.482,29.5255
427.6344,28.8528
427.7868,28.6377
427.9392,28.868
428.0916,29.0422
428.244,30.4302
428.3964,30.2383
428.5488,30.2811
428.7012,29.1571
428.8536,29.3365
429.006,31.2368
429.1584,30.9782
429.3108,31.1393
429.4632,32.144
429.6156,35.2155
429.768,35.6964
429.9204,35.4631
430.0728,33.1981
430.2252,34.4808
430.3776,31.9034
430.53,30.7245
430.6824,28.6275
430.8348,28.5879
430.9872,28.6573
431.1396,28.0782
431.292,29.3098
431.4444,30.3151
431.5968,31.3608
431.7492,31.133
431.9016,32.7578
432.054,33.2162
432.2064,32.7434
432.3588,30.5837
432.5112,30.1083
432.6636,31.431
432.816,31.9755
432.9684,30.1463
433.1208,28.4139
433.2732,27.0085
433.4256,26.3754
433.578,25.3288
433.7304,25.2426
433.8828,24.2085
434.0352,23.9077
434.1876,23.7593
434.34,25.8239
434.4924,25.8312
434.6448,25.9343
434.7972,25.7644
434.9496,25.7174
435.102,24.6643
435.2544,23.8809
435.4068,23.5703
435.5592,24.3775
435.7116,24.4727
435.864,22.9576
436.0164,22.6537
436.1688,21.4531
436.3212,22.7853
436.4736,22.6784
436.626,23.3263
436.7784,22.9457
436.9308,22.0166
437.0832,22.0796
437.2356,21.5967
437.388,21.2723
437.5404,20.4963
437.6928,21.4477
437.8452,21.3503
437.9976,20.6681
438.15,19.4817
438.3024,20.0505
438.4548,20.0141
438.6072,20.5622
438.7596,19.7458
438.912,20.9489
439.0644,21.255
439.2168,21.4632
439.3692,20.4701
439.5216,20.0648
439.674,21.3431
439.8264,21.6804
439.9788,22.1083
440.1312,21.8716
440.2836,22.8219
440.436,23.8325
440.5884,23.4449
440.7408,23.8052
440.8932,23.2721
441.0456,24.8567
441.198,23.5918
441.3504,23.0166
441.5028,20.7551
441.6552,21.9373
441.8076,23.6105
441.96,25.0202
442.1124,23.7277
442.2648,22.7248
442.4172,22.5293
442.5696,22.8744
442.722,22.1576
442.8744,22.3974
443.0268,22.9461
443.1792,24.3723
443.3316,24.6377
443.484,24.8061
443.6364,26.7093
443.7888,28.2334
443.9412,29.7814
444.0936,28.4067
444.246,27.8396
444.3984,26.0727
444.5508,27.2706
444.7032,27.2841
444.8556,26.729
445.008,25.3698
445.1604,25.9369
445.3128,27.0271
445.4652,26.7432
445.6176,27.055
445.77,27.6337
445.9224,28.1941
446.0748,28.392
446.2272,29.1518
446.3796,28.1308
446.532,27.7093
446.6844,26.8496
446.8368,28.7269
446.9892,30.1807
447.1416,31.8243
447.294,31.3139
447.4464,29.3291
447.5988,27.3712
447.7512,26.3215
447.9036,26.0828
448.056,27.1593
448.2084,28.0961
448.3608,29.4256
448.5132,30.1996
448.6656,31.5295
448.818,31.4553
448.9704,31.1844
449.1228,29.257
449.2752,28.4307
449.4276,27.1124
449.58,28.2295
449.7324,28.9789
449.8848,31.5972
450.0372,31.3782
450.1896,32.1878
450.342,31.3091
450.4944,31.5466
450.6468,28.7574
450.7992,27.8377
450.9516,27.3589
451.104,28.0358
451.2564,27.2565
451.4088,26.7433
451.5612,27.226
451.7136,27.4881
451.866,27.0532
452.0184,25.3536
452.1708,26.7237
452.3232,28.1262
452.4756,28.7877
452.628,28.9982
452.7804,28.6788
452.9328,29.1183
453.0852,28.7051
453.2376,30.354
453.39,32.0916
453.5424,32.3615
453.6948,31.4125
453.8472,31.6111
453.9996,32.4473
454.152,33.1349
454.3044,32.9555
454.4568,33.7418
454.6092,32.6003
454.7616,33.9256
454.914,32.571
455.0664,32.3165
455.2188,30.4082
455.3712,30.6213
455.5236,30.6266
455.676,32.3831
455.8284,34.0811
455.9808,35.4784
456.1332,36.3455
456.2856,36.8755
456.438,38.7876
456.5904,40.8862
456.7428,40.7103
456.8952,40.3612
457.0476,38.5309
457.2,38.4012
457.3524,38.4225
457.5048,38.0389
457.6572,39.1832
457.8096,41.0415
457.962,39.533
458.1144,38.1359
458.2668,35.7336
458.4192,35.7808
458.5716,34.4804
458.724,31.8067
458.8764,31.0484
459.0288,29.4314
459.1812,29.2092
459.3336,27.7788
459.486,27.9328
459.6384,28.8915
459.7908,30.5024
459.9432,31.8881
460.0956,32.4875
460.248,34.0566
460.4004,33.6388
460.5528,33.3653
460.7052,31.6563
460.8576,32.077
461.01,32.9215
461.1624,33.6332
461.3148,34.5565
461.4672,34.9416
461.6196,36.1768
461.772,35.9888
461.9244,35.4563
462.0768,33.4472
462.2292,33.6867
462.3816,33.3308
462.534,34.2495
462.6864,35.2823
462.8388,35.9074
462.9912,35.9037
463.1436,34.0172
463.296,32.6227
463.4484,31.251
463.6008,30.0342
463.7532,31.0006
463.9056,32.0702
464.058,31.8838
464.2104,31.205
464.3628,29.695
464.5152,29.3074
464.6676,28.3937
464.82,27.7633
464.9724,27.7915
465.1248,28.9667
465.2772,29.3027
465.4296,29.0228
465.582,26.7042
465.7344,26.967
465.8868,26.3146
466.0392,26.4533
466.1916,26.3157
466.344,26.7511
466.4964,28.4007
466.6488,26.8696
466.8012,25.8668
466.9536,22.5383
467.106,22.5431
467.2584,21.9614
467.4108,23.7182
467.5632,22.9966
467.7156,22.763
467.868,23.4473
468.0204,25.1011
468.1728,25.34
468.3252,24.9353
468.4776,24.6781
468.63,25.0966
468.7824,24.9977
468.9348,25.0095
469.0872,25.994
469.2396,26.5752
469.392,27.0544
469.5444,27.6112
469.6968,25.9102
469.8492,25.2434
470.0016,24.4697
470.154,24.5767
470.3064,23.5383
470.4588,22.9474
470.6112,24.0978
470.7636,25.0948
470.916,24.3244
471.0684,22.9018
471.2208,23.3052
471.3732,24.2031
471.5256,26.1384
471.678,24.6362
471.8304,26.1412
471.9828,25.6369
472.1352,27.8871
472.2876,26.5137
472.44,25.6549
472.5924,25.4025
472.7448,25.4736
472.8972,26.4272
473.0496,26.0033
473.202,26.1203
473.3544,26.1745
473.5068,26.6337
473.6592,27.9938
473.8116,27.5977
473.964,26.861
474.1164,25.9156
474.2688,26.5246
474.4212,26.4504
474.5736,25.7017
474.726,25.4026
474.8784,26.8285
475.0308,27.8239
475.1832,28.6957
475.3356,27.854
475.488,27.5906
475.6404,26.3952
475.7928,26.3173
475.9452,27.2214
476.0976,28.2809
476.25,28.0706
476.4024,27.0874
476.5548,25.3991
476.7072,25.4638
476.8596,23.9972
477.012,24.011
477.1644,22.7752
477.3168,23.9851
477.4692,23.0602
477.6216,23.7118
477.774,23.6089
477.9264,24.5122
478.0788,24.8039
478.2312,25.0182
478.3836,25.6762
478.536,26.2655
478.6884,26.0183
478.8408,25.1243
478.9932,24.7981
479.1456,24.9552
479.298,23.4111
479.4504,22.453
479.6028,21.3965
479.7552,23.2176
479.9076,23.6102
480.06,24.3369
480.2124,23.6779
480.3648,24.0273
480.5172,23.7505
480.6696,23.9509
480.822,22.4457
480.9744,21.7075
481.1268,21.6258
481.2792,21.2445
481.4316,21.0479
481.584,20.0797
481.7364,20.0717
481.8888,20.4036
482.0412,20.848
482.1936,21.1971
482.346,20.7787
482.4984,21.1189
482.6508,21.3873
482.8032,21.627
482.9556,21.6384
483.108,21.5502
483.2604,22.473
483.4128,22.8986
483.5652,23.3407
483.7176,21.5961
483.87,20.604
484.0224,19.5461
484.1748,20.6752
484.3272,21.127
484.4796,22.0031
484.632,23.4411
484.7844,23.6052
484.9368,22.3813
485.0892,20.729
485.2416,20.6186
485.394,21.5522
485.5464,21.2069
485.6988,21.0827
485.8512,21.9757
486.0036,22.3113
486.156,22.6585
486.3084,21.7524
486.4608,20.8896
486.6132,19.6039
486.7656,19.7409
486.918,21.3576
487.0704,22.1569
487.2228,21.919
487.3752,21.2734
487.5276,20.6709
487.68,20.9704
487.8324,21.1605
487.9848,21.3017
488.1372,20.0975
488.2896,19.546
488.442,20.4785
488.5944,22.638
488.7468,23.8719
488.8992,23.6709
489.0516,22.8868
489.204,21.9496
489.3564,23.7068
489.5088,23.7736
489.6612,24.6255
489.8136,22.5907
489.966,21.8978
490.1184,20.3193
490.2708,19.5666
490.4232,18.958
490.5756,19.0532
490.728,20.4333
490.8804,21.2808
491.0328,22.14
491.1852,21.8893
491.3376,23.6747
491.49,24.6639
491.6424,25.2378
491.7948,24.5532
491.9472,24.9682
492.0996,25.2142
492.252,25.0097
492.4044,23.8883
492.5568,22.3576
492.7092,23.0427
492.8616,23.8788
493.014,25.3811
493.1664,23.6172
493.3188,22.5712
493.4712,22.0848
493.6236,21.67
493.776,21.7543
493.9284,22.8732
494.0808,24.4656
494.2332,24.7736
494.3856,23.0269
494.538,23.2257
494.6904,23.1235
494.8428,24.292
494.9952,23.3211
495.1476,23.6156
495.3,24.0069
495.4524,24.6969
495.6048,26.2326
495.7572,24.9741
495.9096,25.2316
496.062,23.6158
496.2144,24.8601
496.3668,23.9074
496.5192,23.4842
496.6716,23.6788
496.824,24.6949
496.9764,26.2275
497.1288,25.4865
497.2812,24.6997
497.4336,22.88
497.586,22.6453
497.7384,24.0002
497.8908,24.026
498.0432,24.9018
498.1956,25.1496
498.348,25.3312
498.5004,24.57
498.6528,23.5942
498.8052,22.6161
498.9576,21.937
499.11,19.7038
499.2624,19.0075
499.4148,18.3478
499.5672,19.8083
499.7196,22.2009
499.872,22.5476
500.0244,21.4816
500.1768,21.0947
500.3292,22.0084
500.4816,22.8073
500.634,23.3568
500.7864,23.0163
500.9388,23.1414
501.0912,21.5312
501.2436,21.1886
501.396,20.7712
501.5484,21.0139
501.7008,20.0747
501.8532,19.347
502.0056,19.2933
502.158,20.4815
502.3104,21.1208
502.4628,23.0981
502.6152,23.5475
502.7676,24.8211
502.92,24.0791
503.0724,25.6241
503.2248,27.12
503.3772,27.2822
503.5296,26.8555
503.682,25.7177
503.8344,26.4076
503.9868,26.9302
504.1392,26.9687
504.2916,27.0985
504.444,26.2461
504.5964,26.0665
504.7488,24.7327
504.9012,25.9672
505.0536,27.5868
505.206,30.0847
505.3584,29.9775
505.5108,30.1757
505.6632,30.9815
505.8156,31.3953
505.968,32.3408
506.1204,34.602
506.2728,37.6165
506.4252,41.6366
506.5776,41.264
506.73,43.1017
506.8824,45.9374
507.0348,50.9138
507.1872,52.5207
507.3396,49.3093
507.492,45.9488
507.6444,41.6078
507.7968,41.094
507.9492,38.2597
508.1016,39.6141
508.254,37.5511
508.4064,38.818
508.5588,37.4098
508.7112,37.1958
508.8636,35.4395
509.016,35.3914
509.1684,34.6907
509.3208,36.1766
509.4732,34.6524
509.6256,35.8652
509.778,34.8018
509.9304,33.9748
510.0828,30.7363
510.2352,27.6901
510.3876,27.7997
510.54,28.1355
510.6924,28.5413
510.8448,26.7704
510.9972,27.8413
511.1496,29.777
511.302,30.9223
511.4544,30.6629
511.6068,28.7483
511.7592,28.2101
511.9116,27.9237
512.064,28.4487
512.2164,29.3068
512.3688,29.46
512.5212,28.4938
512.6736,28.3621
512.826,25.8104
512.9784,26.2066
513.1308,26.3127
513.2832,27.0093
513.4356,28.0214
513.588,27.9903
513.7404,28.3959
513.8928,26.5631
514.0452,26.4883
514.1976,26.1683
514.35,25.5687
514.5024,25.0932
514.6548,24.9983
514.8072,24.9505
514.9596,25.0762
515.112,26.1911
515.2644,28.7183
515.4168,28.6925
515.5692,29.0469
515.7216,26.8681
515.874,28.6182
516.0264,27.3401
516.1788,28.95
516.3312,27.7592
516.4836,28.3775
516.636,26.7985
516.7884,24.5415
516.9408,23.9384
517.0932,25.2907
517.2456,27.0493
517.398,27.2535
517.5504,27.7467
517.7028,28.0544
517.8552,29.3793
518.0076,30.2263
518.16,32.8153
518.3124,35.0978
518.4648,34.9907
518.6172,32.4917
518.7696,30.6285
518.922,29.8355
519.0744,29.2385
519.2268,28.2131
519.3792,27.7782
519.5316,27.6235
519.684,28.8317
519.8364,28.9258
519.9888,30.0299
520.1412,30.071
520.2936,29.7444
520.446,28.7804
520.5984,27.3774
520.7508,28.6212
520.9032,29.9787
521.0556,31.3199
521.208,31.0091
521.3604,32.3204
521.5128,34.6847
521.6652,35.0488
521.8176,34.0485
521.97,33.4075
522.1224,34.0554
522.2748,36.7038
522.4272,34.0887
522.5796,32.7057
522.732,28.5384
522.8844,28.2256
523.0368,27.9369
523.1892,29.3423
523.3416,30.9582
523.494,35.0966
523.6464,39.2049
523.7988,46.4569
523.9512,47.8072
524.1036,45.7329
524.256,38.9705
524.4084,36.7399
524.5608,36.1157
524.7132,36.2439
524.8656,33.6998
525.018,32.3701
525.1704,31.7222
525.3228,33.0424
525.4752,33.6668
525.6276,34.1842
525.78,32.8598
525.9324,32.5914
526.0848,31.9451
526.2372,31.787
526.3896,29.9159
526.542,27.5755
526.6944,26.3976
526.8468,25.9401
526.9992,26.2761
527.1516,26.1485
527.304,27.1024
527.4564,26.536
527.6088,27.0348
527.7612,27.3644
527.9136,28.3786
528.066,28.2049
528.2184,29.4431
528.3708,32.4558
528.5232,36.6142
528.6756,38.3058
528.828,37.3692
528.9804,34.654
529.1328,30.0502
529.2852,26.3305
529.4376,23.7211
529.59,21.8773
529.7424,21.2548
529.8948,19.8723
530.0472,20.7593
530.1996,23.4152
530.352,26.931
530.5044,28.6469
530.6568,29.607
530.8092,31.0791
530.9616,35.5464
531.114,36.5091
531.2664,37.2922
531.4188,36.0163
531.5712,36.5102
531.7236,35.4168
531.876,34.7704
532.0284,33.4025
532.1808,34.5277
532.3332,35.4535
532.4856,34.4936
532.638,31.2901
532.7904,27.6226
532.9428,25.279
533.0952,24.7264
533.2476,24.5167
533.4,24.5837
533.5524,22.9055
533.7048,22.1641
533.8572,21.7477
534.0096,22.0482
534.162,21.0597
534.3144,24.0443
534.4668,25.9609
534.6192,28.4162
534.7716,28.2099
534.924,28.7063
535.0764,28.8901
535.2288,27.8967
535.3812,28.2847
535.5336,28.5334
535.686,30.2448
535.8384,30.5424
535.9908,31.0712
536.1432,31.6706
536.2956,32.3342
536.448,33.4515
536.6004,31.7257
536.7528,31.2986
536.9052,31.0367
537.0576,31.1785
537.21,32.448
537.3624,31.7942
537.5148,33.155
537.6672,32.4957
537.8196,33.7956
537.972,34.5841
538.1244,35.0709
538.2768,34.4007
538.4292,33.4595
538.5816,32.6012
538.734,32.5817
538.8864,29.8645
539.0388,28.8682
539.1912,27.3507
539.3436,28.8934
539.496,29.2477
539.6484,29.2276
539.8008,29.2142
539.9532,27.5944
540.1056,27.514
540.258,26.9018
540.4104,28.9182
540.5628,30.2199
540.7152,32.4891
540.8676,30.8091
541.02,29.1983
541.1724,29.0018
541.3248,29.2534
541.4772,29.7623
541.6296,26.9452
541.782,27.9293
541.9344,26.246
542.0868,29.0981
542.2392,28.9641
542.3916,30.6203
542.544,29.0516
542.6964,30.0509
542.8488,29.3354
543.0012,28.7613
543.1536,26.6388
543.306,26.7643
543.4584,27.1031
543.6108,27.0529
543.7632,26.1733
543.9156,26.4065
544.068,29.411
544.2204,31.4477
544.3728,32.5969
544.5252,32.7618
544.6776,33.4419
544.83,35.0655
544.9824,33.9514
545.1348,33.7205
545.2872,29.7147
545.4396,28.7526
545.592,26.4925
545.7444,27.1974
545.8968,27.1322
546.0492,28.1949
546.2016,28.2313
546.354,28.8191
546.5064,29.2932
546.6588,29.533
546.8112,30.1062
546.9636,29.6218
547.116,29.3773
547.2684,28.0293
547.4208,28.4105
547.5732,27.7635
547.7256,28.2124
547.878,28.2865
548.0304,29.62
548.1828,29.8255
548.3352,28.9466
548.4876,29.5268
548.64,30.2649
548.7924,32.8357
548.9448,34.8589
549.0972,35.8187
549.2496,34.9432
549.402,34.3156
549.5544,34.0483
549.7068,33.9384
549.8592,32.1462
550.0116,32.2909
550.164,33.0701
550.3164,32.8163
550.4688,30.221
550.6212,27.7282
550.7736,27.7656
550.926,27.5892
551.0784,26.4715
551.2308,25.6034
551.3832,24.4576
551.5356,26.2049
551.688,26.8083
551.8404,29.1168
551.9928,28.7628
552.1452,29.57
552.2976,30.1531
552.45,31.3827
552.6024,30.7456
552.7548,30.8003
552.9072,30.2519
553.0596,31.3502
553.212,31.7318
553.3644,32.5998
553.5168,33.4329
553.6692,31.1417
553.8216,30.9263
553.974,28.6099
554.1264,28.3626
554.2788,27.3317
554.4312,27.729
554.5836,28.3304
554.736,29.7512
554.8884,29.9414
555.0408,31.3774
555.1932,31.2546
555.3456,30.9493
555.498,30.0454
555.6504,29.2155
555.8028,29.2394
555.9552,30.6042
556.1076,31.7524
556.26,31.0546
556.4124,29.1306
556.5648,26.6998
556.7172,27.9811
556.8696,28.6094
557.022,30.28
557.1744,28.9176
557.3268,27.6433
557.4792,27.2138
557.6316,27.3377
557.784,27.1347
557.9364,26.028
558.0888,24.5556
558.2412,24.7648
558.3936,26.5408
558.546,27.8774
558.6984,28.4293
558.8508,27.1534
559.0032,27.0704
559.1556,28.5946
559.308,28.7354
559.4604,29.5104
559.6128,29.9431
559.7652,31.6528
559.9176,31.2124
560.07,32.0866
560.2224,31.4123
560.3748,32.9729
560.5272,32.4169
560.6796,33.3736
560.832,34.0709
560.9844,34.0702
561.1368,32.6411
561.2892,33.4732
561.4416,33.3521
561.594,33.4387
561.7464,32.2576
561.8988,29.7093
562.0512,28.0213
562.2036,26.7127
562.356,29.644
562.5084,31.2182
562.6608,30.0673
562.8132,28.1259
562.9656,25.3795
563.118,25.8984
563.2704,26.009
563.4228,26.948
563.5752,27.4623
563.7276,26.0799
563.88,26.3417
564.0324,24.6121
564.1848,24.6348
564.3372,24.9706
564.4896,25.8538
564.642,26.6756
564.7944,27.567
564.9468,29.06
565.0992,29.9518
565.2516,29.8019
565.404,29.6191
565.5564,28.9882
565.7088,27.5655
565.8612,26.8148
566.0136,26.8349
566.166,27.8988
566.3184,28.8998
566.4708,28.4074
566.6232,28.0552
566.7756,27.6553
566.928,27.2665
567.0804,27.6447
567.2328,26.5073
567.3852,25.3433
567.5376,23.2188
567.69,23.2532
567.8424,23.7678
567.9948,25.552
568.1472,25.7111
568.2996,25.7221
568.452,26.6444
568.6044,27.6646
568.7568,28.6275
568.9092,26.9281
569.0616,26.8918
569.214,27.8605
569.3664,28.6247
569.5188,28.1681
569.6712,27.3218
569.8236,26.5544
569.976,26.9318
570.1284,27.1871
570.2808,28.7124
570.4332,27.5404
570.5856,26.0591
570.738,24.5104
570.8904,25.2126
571.0428,26.4579
571.1952,27.5336
571.3476,26.9562
571.5,28.1596
571.6524,30.2995
571.8048,29.4213
571.9572,28.3731
572.1096,26.4713
572.262,27.894
572.4144,28.6274
572.5668,30.7701
572.7192,34.3079
572.8716,36.1856
573.024,36.9475
573.1764,38.5544
573.3288,38.4628
573.4812,39.0568
573.6336,38.7766
573.786,38.8962
573.9384,38.0764
574.0908,34.481
574.2432,33.708
574.3956,32.3469
574.548,31.515
574.7004,31.2971
574.8528,31.1545
575.0052,31.7811
575.1576,33.4975
575.31,32.1215
575.4624,32.6057
575.6148,32.0395
575.7672,33.7803
575.9196,32.3459
576.072,30.0842
576.2244,29.318
576.3768,28.7294
576.5292,28.0288
576.6816,25.9252
576.834,25.7996
576.9864,27.2057
577.1388,29.5994
577.2912,33.09
577.4436,32.3327
577.596,32.5523
577.7484,29.3855
577.9008,29.1772
578.0532,28.2932
578.2056,29.0941
578.358,29.4289
578.5104,29.7048
578.6628,31.4807
578.8152,33.5297
578.9676,34.5658
579.12,33.8607
579.2724,33.7659
579.4248,33.6759
579.5772,34.6772
579.7296,32.1676
579.882,30.4034
580.0344,29.3442
580.1868,29.5932
580.3392,30.5474
580.4916,30.6166
580.644,31.6202
580.7964,31.4846
580.9488,29.2672
581.1012,28.2005
581.2536,28.588
581.406,28.7089
581.5584,28.75
581.7108,28.5229
581.8632,28.8887
582.0156,29.1998
582.168,28.457
582.3204,29.3226
582.4728,29.1461
582.6252,29.3989
582.7776,29.5901
582.93,30.116
583.0824,30.1893
583.2348,30.5987
583.3872,29.9835
583.5396,28.9347
583.692,28.105
583.8444,28.4069
583.9968,30.201
584.1492,30.4222
584.3016,30.3212
584.454,29.832
584.6064,29.3789
584.7588,29.8987
584.9112,29.836
585.0636,31.0888
585.216,30.1009
585.3684,30.0131
585.5208,29.221
585.6732,31.0999
585.8256,30.477
585.978,31.2018
586.1304,29.0906
586.2828,30.6679
586.4352,30.3363
586.5876,30.7449
586.74,29.9093
586.8924,28.6959
587.0448,28.9384
587.1972,30.0263
587.3496,33.0355
587.502,34.1499
587.6544,32.9069
587.8068,30.1619
587.9592,29.5091
588.1116,29.5583
588.264,29.4493
588.4164,29.3254
588.5688,30.0552
588.7212,31.0459
588.8736,30.0525
589.026,28.8596
589.1784,29.8435
589.3308,31.1054
589.4832,31.1612
589.6356,29.9526
589.788,30.9356
589.9404,29.3017
590.0928,28.9359
590.2452,26.2386
590.3976,26.9956
590.55,26.7389
590.7024,28.3984
590.8548,28.3406
591.0072,27.6915
591.1596,25.9018
591.312,26.5334
591.4644,26.5651
591.6168,27.3374
591.7692,26.8818
591.9216,28.3236
592.074,28.2419
592.2264,29.3698
592.3788,29.8997
592.5312,31.0622
592.6836,31.0023
592.836,28.3172
592.9884,26.5281
593.1408,26.3713
593.2932,27.2175
593.4456,29.639
593.598,28.8731
593.7504,30.6786
593.9028,32.8805
594.0552,37.4537
594.2076,37.9293
594.36,37.9109
594.5124,36.5212
594.6648,37.2272
594.8172,35.4943
594.9696,33.9152
595.122,33.8045
595.2744,31.7209
595.4268,31.1056
595.5792,29.3005
595.7316,29.8072
595.884,31.6953
596.0364,33.4646
596.1888,34.3909
596.3412,33.675
596.4936,32.4383
596.646,32.0349
596.7984,31.4008
596.9508,31.0218
597.1032,30.3075
597.2556,30.6695
597.408,30.3513
597.5604,30.6339
597.7128,29.7085
597.8652,29.2633
598.0176,29.5179
598.17,30.1496
598.3224,30.6163
598.4748,31.4298
598.6272,30.6012
598.7796,32.1111
598.932,32.1567
599.0844,34.7968
599.2368,35.4634
599.3892,34.6852
599.5416,32.2056
599.694,29.0372
599.8464,28.5958
599.9988,26.8602
600.1512,26.4817
600.3036,25.1868
600.456,25.9798
600.6084,25.2979
600.7608,26.6325
600.9132,26.0379
601.0656,25.4882
601.218,23.5397
601.3704,23.3868
601.5228,24.571
601.6752,25.6358
601.8276,27.1652
601.98,28.4883
602.1324,28.3065
602.2848,27.1428
602.4372,28.8743
602.5896,31.1847
602.742,32.2918
602.8944,32.0789
603.0468,29.7737
603.1992,29.9888
603.3516,29.213
603.504,28.968
603.6564,27.6746
603.8088,26.8875
603.9612,26.9861
604.1136,26.2428
604.266,26.6978
604.4184,24.902
604.5708,26.9441
604.7232,24.5141
604.8756,24.7957
605.028,22.9756
605.1804,23.3969
605.3328,23.6035
605.4852,23.388
605.6376,24.9592
605.79,27.6221
605.9424,32.2647
606.0948,34.0954
606.2472,35.7998
606.3996,33.439
606.552,33.9414
606.7044,35.1941
606.8568,37.6686
607.0092,38.077
607.1616,35.9626
607.314,33.9662
607.4664,31.0585
607.6188,30.3872
607.7712,30.4741
607.9236,29.2802
608.076,28.9347
608.2284,24.7709
608.3808,24.1894
608.5332,23.0906
608.6856,25.4404
608.838,28.8275
608.9904,30.7186
609.1428,32.1569
609.2952,32.9279
609.4476,35.5334
609.6,38.0424
609.7524,37.0331
609.9048,35.3798
610.0572,33.4693
610.2096,32.1175
610.362,31.9095
610.5144,33.8625
610.6668,34.0491
610.8192,33.1981
610.9716,30.2078
611.124,31.4762
611.2764,31.53
611.4288,31.1266
611.5812,29.4093
611.7336,28.6046
611.886,28.4112
612.0384,30.0788
612.1908,29.2199
612.3432,28.8636
612.4956,30.0074
612.648,34.007
612.8004,36.24
612.9528,34.9997
613.1052,32.7078
613.2576,31.8062
613.41,32.5914
613.5624,33.1417
613.7148,34.2401
613.8672,34.0307
614.0196,33.5232
614.172,30.5979
614.3244,27.1675
614.4768,22.9496
614.6292,22.4452
614.7816,22.882
614.934,25.7625
615.0864,28.2091
615.2388,30.9626
615.3912,31.0133
615.5436,29.3599
615.696,26.6827
615.8484,29.7297
616.0008,32.4287
616.1532,35.8196
616.3056,33.4575
616.458,32.9443
616.6104,33.7557
616.7628,36.7567
616.9152,37.4655
617.0676,35.7543
617.22,33.5259
617.3724,32.5566
617.5248,30.1167
617.6772,28.696
617.8296,27.305
617.982,29.0547
618.1344,29.1643
618.2868,30.9467
618.4392,31.2196
618.5916,31.2981
618.744,29.532
618.8964,28.0149
619.0488,27.9861
619.2012,30.6804
619.3536,31.7641
619.506,32.7426
619.6584,29.9241
619.8108,27.1744
619.9632,24.3012
620.1156,22.9033
620.268,23.9578
620.4204,24.6029
620.5728,25.1898
620.7252,23.6505
620.8776,24.7953
621.03,25.599
621.1824,27.8303
621.3348,27.4821
621.4872,27.4473
621.6396,27.4366
621.792,28.1474
621.9444,29.7817
622.0968,32.3302
622.2492,35.1585
622.4016,35.8211
622.554,33.139
622.7064,32.5472
622.8588,29.1881
623.0112,27.532
623.1636,23.4832
623.316,23.2118
623.4684,23.9864
623.6208,23.1358
623.7732,22.1126
623.9256,22.637
624.078,23.1459
624.2304,26.4113
624.3828,25.7255
624.5352,27.4345
624.6876,26.5699
624.84,27.7666
624.9924,26.7148
625.1448,27.5491
625.2972,29.3405
625.4496,29.02
625.602,27.3068
625.7544,26.5737
625.9068,27.7711
626.0592,30.3067
626.2116,31.1501
626.364,31.1137
626.5164,30.2749
626.6688,29.7948
626.8212,32.8843
626.9736,33.221
627.126,34.2884
627.2784,33.0585
627.4308,34.5733
627.5832,31.3939
627.7356,31.9283
627.888,28.9824
628.0404,29.7728
628.1928,28.5547
628.3452,29.0955
628.4976,29.9178
628.65,28.4696
628.8024,28.6693
628.9548,27.0037
629.1072,26.995
629.2596,25.925
629.412,26.2854
629.5644,26.5206
629.7168,25.646
629.8692,24.5702
630.0216,23.529
630.174,24.2086
630.3264,25.9188
630.4788,26.5459
630.6312,25.772
630.7836,26.9593
630.936,27.1983
631.0884,28.614
631.2408,26.8698
631.3932,24.9047
631.5456,24.1124
631.698,23.4387
631.8504,25.061
632.0028,23.4763
632.1552,23.6257
632.3076,23.44
632.46,24.3856
632.6124,23.4701
632.7648,23.0115
632.9172,24
633.0696,25.0563
633.222,24.3402
633.3744,23.0435
633.5268,21.7753
633.6792,21.2554
633.8316,21.3801
633.984,21.2669
634.1364,22.566
634.2888,21.6632
634.4412,21.4889
634.5936,19.2533
634.746,19.7701
634.8984,20.2575
635.0508,22.2433
635.2032,21.7843
635.3556,23.3994
635.508,23.0212
635.6604,25.896
635.8128,27.3715
635.9652,29.7147
636.1176,31.9683
636.27,31.745
636.4224,32.3729
636.5748,30.9527
636.7272,30.8797
636.8796,30.2093
637.032,30.8864
637.1844,29.2347
637.3368,29.2755
637.4892,28.5403
637.6416,30.2435
637.794,29.4128
637.9464,28.4078
638.0988,27.3872
638.2512,27.2593
638.4036,26.8742
638.556,27.3796
638.7084,27.4138
638.8608,27.6555
639.0132,25.6375
639.1656,24.9364
639.318,24.0532
639.4704,22.5162
639.6228,22.0385
639.7752,21.2744
639.9276,23.3365
640.08,23.7232
640.2324,25.1697
640.3848,25.5717
640.5372,25.1641
640.6896,24.104
640.842,22.9066
640.9944,22.932
641.1468,23.1735
641.2992,23.6893
641.4516,22.9075
641.604,22.3215
641.7564,22.8188
641.9088,24.193
642.0612,26.2221
642.2136,24.6993
642.366,24.5657
642.5184,23.469
642.6708,24.1644
642.8232,23.2003
642.9756,21.1695
643.128,21.6636
643.2804,21.581
643.4328,22.4784
643.5852,22.1011
643.7376,22.3037
643.89,21.5407
644.0424,21.2171
644.1948,22.3589
644.3472,23.6734
644.4996,24.2037
644.652,24.2288
644.8044,22.8313
644.9568,21.5367
645.1092,20.3376
645.2616,22.3744
645.414,23.0369
645.5664,23.4018
645.7188,22.6129
645.8712,22.7799
646.0236,21.9465
646.176,21.2231
646.3284,20.7237
646.4808,21.7039
646.6332,22.6576
646.7856,23.7312
646.938,23.7523
647.0904,23.1861
647.2428,23.3791
647.3952,24.0473
647.5476,24.5422
647.7,24.2513
647.8524,22.354
648.0048,21.521
648.1572,20.9919
648.3096,21.2516
648.462,21.7353
648.6144,22.812
648.7668,23.0621
648.9192,23.0921
649.0716,23.0917
649.224,25.1431
649.3764,25.7529
649.5288,23.7112
649.6812,22.8467
649.8336,21.4189
649.986,22.8102
650.1384,22.2799
650.2908,23.2103
650.4432,25.1682
650.5956,25.3253
650.748,26.0682
650.9004,24.8904
651.0528,26.3024
651.2052,26.2766
651.3576,25.6848
651.51,25.1626
651.6624,26.9353
651.8148,28.02
651.9672,27.9692
652.1196,26.8438
652.272,26.4726
652.4244,27.4391
652.5768,27.3604
652.7292,27.677
652.8816,26.6678
653.034,25.9536
653.1864,25.9458
653.3388,25.901
653.4912,25.9774
653.6436,25.3321
653.796,25.0147
653.9484,24.8668
654.1008,24.4137
654.2532,23.5664
654.4056,22.4449
654.558,22.1651
654.7104,23.1887
654.8628,23.2889
655.0152,22.7637
655.1676,21.9937
655.32,22.4767
655.4724,22.6772
655.6248,22.3799
655.7772,22.6791
655.9296,23.1048
656.082,24.8033
656.2344,25.522
656.3868,25.2044
656.5392,23.6242
656.6916,24.174
656.844,23.9312
656.9964,23.579
657.1488,20.2731
657.3012,20.6216
657.4536,19.7567
657.606,22.1301
657.7584,21.8109
657.9108,23.1284
658.0632,22.231
658.2156,22.3139
658.368,22.0032
658.5204,23.126
658.6728,23.3242
658.8252,23.7848
658.9776,24.1979
659.13,25.3087
659.2824,25.6483
659.4348,24.5569
659.5872,24.5582
659.7396,24.7053
659.892,25.9809
660.0444,25.789
660.1968,24.3725
660.3492,23.8864
660.5016,23.9597
660.654,24.4407
660.8064,23.3
660.9588,21.8207
661.1112,23.8122
661.2636,24.3233
661.416,25.1324
661.5684,23.6791
661.7208,23.2125
661.8732,22.8192
662.0256,22.471
662.178,21.674
662.3304,23.3297
662.4828,25.1309
662.6352,27.6552
662.7876,27.2936
662.94,26.3847
663.0924,24.9718
663.2448,23.792
663.3972,23.8818
663.5496,23.7834
663.702,25.1555
663.8544,24.7814
664.0068,24.8068
664.1592,24.5035
664.3116,23.5035
664.464,24.0731
664.6164,23.1779
664.7688,23.7526
664.9212,23.4614
665.0736,23.3988
665.226,22.4358
665.3784,22.2338
665.5308,22.6109
665.6832,23.2613
665.8356,23.1026
665.988,22.5821
666.1404,24.178
666.2928,23.5936
666.4452,23.8087
666.5976,23.3186
666.75,25.2035
666.9024,25.1028
667.0548,25.0958
667.2072,24.9216
667.3596,25.1714
667.512,23.3873
667.6644,23.8087
667.8168,23.9999
667.9692,24.751
668.1216,22.8013
668.274,22.8629
668.4264,23.4637
668.5788,24.2236
668.7312,24.6402
668.8836,26.2072
669.036,27.6201
669.1884,27.7619
669.3408,26.1939
669.4932,24.1711
669.6456,23.121
669.798,23.2393
669.9504,23.5476
670.1028,23.347
670.2552,21.6694
670.4076,21.3433
670.56,20.1605
670.7124,20.543
670.8648,21.3236
671.0172,22.5325
671.1696,23.8117
671.322,23.7278
671.4744,24.2046
671.6268,24.2662
671.7792,23.6349
671.9316,23.9656
672.084,23.2308
672.2364,22.6491
672.3888,22.103
672.5412,23.7616
672.6936,23.8267
672.846,23.4088
672.9984,22.212
673.1508,23.2929
673.3032,24.2762
673.4556,23.4679
673.608,22.8922
673.7604,20.8442
673.9128,22.1418
674.0652,21.765
674.2176,22.4403
674.37,19.5611
674.5224,19.3265
674.6748,19.5521
674.8272,20.1459
674.9796,20.3291
675.132,19.429
675.2844,19.412
675.4368,20.2607
675.5892,20.8304
675.7416,22.0644
675.894,20.6024
676.0464,21.1806
676.1988,20.2051
676.3512,20.7057
676.5036,19.0768
676.656,18.5721
676.8084,18.0826
676.9608,18.6798
677.1132,19.4889
677.2656,20.099
677.418,20.0062
677.5704,20.4547
677.7228,19.6787
677.8752,19.3033
678.0276,18.5315
678.18,19.1384
678.3324,19.3997
678.4848,20.1949
678.6372,20.3133
678.7896,22.0197
678.942,20.4987
679.0944,21.4064
679.2468,20.5032
679.3992,22.7132
679.5516,22.3428
679.704,23.8087
679.8564,23.5858
680.0088,23.5147
680.1612,22.1095
680.3136,23.4629
680.466,24.5858
680.6184,24.719
680.7708,22.7644
680.9232,21.7133
681.0756,22.3482
681.228,21.7136
681.3804,20.708
681.5328,19.2446
681.6852,19.5803
681.8376,20.8318
681.99,23.3819
682.1424,25.0712
682.2948,24.3083
682.4472,22.9923
682.5996,21.7865
682.752,20.3995
682.9044,18.3013
683.0568,17.6348
683.2092,19.3501
683.3616,20.4714
683.514,19.7879
683.6664,19.7053
683.8188,18.7696
683.9712,20.1427
684.1236,19.4961
684.276,20.1701
684.4284,19.5305
684.5808,19.8749
684.7332,19.1922
684.8856,19.393
685.038,19.549
685.1904,20.0211
685.3428,20.8299
685.4952,20.6172
685.6476,21.0122
685.8,20.3782
685.9524,20.3576
686.1048,19.9031
686.2572,18.4061
686.4096,17.0918
686.562,17.1828
686.7144,18.4182
686.8668,19.1518
687.0192,19.204
687.1716,18.1523
687.324,17.3887
687.4764,16.638
687.6288,16.7544
687.7812,18.0693
687.9336,18.6481
688.086,20.1879
688.2384,19.8332
688.3908,20.2936
688.5432,20.1402
688.6956,20.1101
688.848,20.521
689.0004,19.4885
689.1528,20.2736
689.3052,19.5825
689.4576,19.3147
689.61,17.8308
689.7624,17.9888
689.9148,17.3506
690.0672,18.3045
690.2196,18.5631
690.372,20.14
690.5244,19.7428
690.6768,19.1849
690.8292,17.9658
690.9816,18.139
691.134,18.2633
691.2864,19.3192
691.4388,19.3947
691.5912,19.283
691.7436,19.3136
691.896,19.9217
692.0484,20.9113
692.2008,21.2542
692.3532,21.2345
692.5056,19.5277
692.658,18.4734
692.8104,18.1945
692.9628,19.5192
693.1152,20.5863
693.2676,19.5305
693.42,19.3001
693.5724,19.3271
693.7248,21.7195
693.8772,23.8624
694.0296,24.2566
694.182,23.7551
694.3344,22.3543
694.4868,25.0798
694.6392,25.7234
694.7916,26.3331
694.944,24.0406
695.0964,24.2982
695.2488,24.2998
695.4012,25.2444
695.5536,23.4092
695.706,21.6861
695.8584,19.791
696.0108,19.5328
696.1632,20.1963
696.3156,19.5753
696.468,20.2807
696.6204,19.186
696.7728,19.2683
696.9252,18.4367
697.0776,18.4562
697.23,18.3033
697.3824,17.2186
697.5348,16.2331
697.6872,16.2332
697.8396,16.0861
697.992,17.2377
698.1444,16.6651
698.2968,16.8085
698.4492,15.2495
698.6016,14.333
698.754,14.6569
698.9064,15.8327
699.0588,16.5009
699.2112,15.8248
699.3636,16.0976
699.516,16.0265
699.6684,17.0911
699.8208,17.1644
699.9732,16.8384
700.1256,16.5387
700.278,16.4828
700.4304,17.3853
700.5828,17.4812
700.7352,18.4159
700.8876,18.806
701.04,18.8278
701.1924,18.6345
701.3448,18.6698
701.4972,19.948
701.6496,19.3461
701.802,19.4025
701.9544,19.3974
702.1068,20.5884
702.2592,19.9108
702.4116,19.7747
702.564,17.3986
702.7164,17.3327
702.8688,15.4107
703.0212,17.0277
703.1736,17.9507
703.326,20.3278
703.4784,19.4727
703.6308,20.6112
703.7832,20.0982
703.9356,21.4787
704.088,20.3055
704.2404,20.5374
704.3928,20.9459
704.5452,21.3278
704.6976,22.1474
704.85,21.9875
705.0024,21.4099
705.1548,21.1224
705.3072,21.6415
705.4596,23.1968
705.612,22.916
705.7644,22.3232
705.9168,20.222
706.0692,21.0048
706.2216,20.9304
706.374,20.6475
706.5264,19.73
706.6788,18.8927
706.8312,20.253
706.9836,19.0009
707.136,19.9364
707.2884,20.0132
707.4408,20.8413
707.5932,20.0629
707.7456,20.0345
707.898,20.1532
708.0504,21.1479
708.2028,20.8541
708.3552,20.7448
708.5076,19.5674
708.66,19.722
708.8124,20.3093
708.9648,20.7165
709.1172,20.2222
709.2696,19.031
709.422,18.7091
709.5744,19.2223
709.7268,19.8773
709.8792,19.7945
710.0316,19.1185
710.184,18.4828
710.3364,19.8423
710.4888,20.1889
710.6412,20.5554
710.7936,18.8277
710.946,19.764
711.0984,19.4761
711.2508,18.6332
711.4032,17.6461
711.5556,17.965
711.708,20.2018
711.8604,20.2613
712.0128,20.1273
712.1652,19.0036
712.3176,17.919
712.47,16.5166
712.6224,15.8949
712.7748,15.6284
712.9272,16.3961
713.0796,15.8856
713.232,15.9421
713.3844,16.3903
713.5368,16.695
713.6892,17.1363
713.8416,17.0755
713.994,17.6351
714.1464,18.5972
714.2988,18.7608
714.4512,19.0399
714.6036,18.3808
714.756,18.4825
714.9084,20.0436
715.0608,20.0802
715.2132,20.1893
715.3656,19.5517
715.518,21.1155
715.6704,21.8745
715.8228,21.1035
715.9752,19.7993
716.1276,19.0705
716.28,19.6882
716.4324,20.8538
716.5848,19.9598
716.7372,19.4348
716.8896,18.3835
717.042,19.0635
717.1944,20.2031
717.3468,20.9719
717.4992,20.7436
717.6516,20.0108
717.804,18.3835
717.9564,18.2616
718.1088,17.8717
718.2612,20.4283
718.4136,20.7768
718.566,21.5178
718.7184,21.2764
718.8708,22.9228
719.0232,23.8486
719.1756,23.2711
719.328,22.2675
719.4804,20.4552
719.6328,20.9605
719.7852,20.6899
719.9376,21.5725
720.09,20.9042
720.2424,22.7176
720.3948,27.3352
720.5472,33.8012
720.6996,38.5206
720.852,43.9386
721.0044,43.3579
721.1568,43.2092
721.3092,38.6061
721.4616,41.1699
721.614,41.4348
721.7664,42.9389
721.9188,40.3865
722.0712,37.2757
722.2236,35.8746
722.376,33.9464
722.5284,34.2048
722.6808,33.2229
722.8332,34.6226
722.9856,32.4697
723.138,30.9611
723.2904,29.3301
723.4428,30.412
723.5952,28.8441
723.7476,26.2891
723.9,24.9751
724.0524,23.3744
724.2048,22.4798
724.3572,20.9094
724.5096,21.2899
724.662,20.2346
724.8144,21.5181
724.9668,21.0724
725.1192,21.6483
725.2716,19.9786
725.424,18.9933
725.5764,18.9686
725.7288,20.4133
725.8812,21.1831
726.0336,20.189
726.186,18.2418
726.3384,18.1535
726.4908,18.8409
726.6432,19.9873
726.7956,21.6585
726.948,22.5591
727.1004,24.3525
727.2528,22.9713
727.4052,22.7729
727.5576,21.6231
727.71,22.7744
727.8624,23.6834
728.0148,24.93
728.1672,24.7436
728.3196,23.6278
728.472,21.0173
728.6244,20.725
728.7768,21.1989
728.9292,21.7621
729.0816,21.295
729.234,20.9297
729.3864,20.4614
729.5388,19.3158
729.6912,18.0011
729.8436,17.342
729.996,16.1652
730.1484,16.1549
730.3008,16.9874
730.4532,17.045
730.6056,16.6493
730.758,15.7783
730.9104,16.8547
731.0628,16.5994
731.2152,16.2582
731.3676,15.3121
731.52,16.3787
731.6724,19.0034
731.8248,20.6002
731.9772,20.5163
732.1296,19.0377
732.282,19.7551
732.4344,19.6072
732.5868,19.1784
732.7392,18.7192
732.8916,18.2335
733.044,19.283
733.1964,17.9911
733.3488,17.7534
733.5012,17.186
733.6536,17.5972
733.806,18.0291
733.9584,16.9932
734.1108,16.8171
734.2632,16.6945
734.4156,17.3942
734.568,17.5887
734.7204,17.3576
734.8728,16.4615
735.0252,15.8147
735.1776,15.7452
735.33,16.6129
735.4824,17.6995
735.6348,18.2044
735.7872,17.6836
735.9396,17.6789
736.092,17.7761
736.2444,18.4355
736.3968,17.5344
736.5492,17.8196
736.7016,17.7368
736.854,19.3967
737.0064,19.1474
737.1588,20.4494
737.3112,19.8849
737.4636,21.6808
737.616,20.479
737.7684,20.3389
737.9208,19.6812
738.0732,20.1594
738.2256,20.4256
738.378,21.3731
738.5304,22.395
738.6828,22.7975
738.8352,22.656
738.9876,22.1665
739.14,22.8076
739.2924,22.4771
739.4448,22.3783
739.5972,21.6362
739.7496,21.497
739.902,22.2692
740.0544,23.0558
740.2068,22.6763
740.3592,21.544
740.5116,19.1831
740.664,18.0832
740.8164,17.3544
740.9688,18.8722
741.1212,19.3629
741.2736,19.5994
741.426,18.3915
741.5784,16.6594
741.7308,15.501
741.8832,14.3812
742.0356,14.0794
742.188,14.1328
742.3404,14.7644
742.4928,15.3831
742.6452,15.5739
742.7976,14.9171
742.95,15.5301
743.1024,16.1083
743.2548,18.1618
743.4072,18.4063
743.5596,18.8759
743.712,18.44
743.8644,19.5027
744.0168,19.8809
744.1692,18.9614
744.3216,17.8956
744.474,17.6896
744.6264,18.9661
744.7788,19.94
744.9312,20.2547
745.0836,19.9916
745.236,18.0623
745.3884,15.9925
745.5408,16.3973
745.6932,16.1239
745.8456,15.8847
745.998,14.7321
746.1504,16.4282
746.3028,17.042
746.4552,17.6095
746.6076,16.4625
746.76,18.32
746.9124,21.0092
747.0648,23.6161
