DEPT,GR
1.08,17.12836381
1.18,15.07123429
1.28,12.93566667
1.38,12.03233333
1.48,11.99657143
1.58,11.65657143
1.68,12.30342857
1.78,12.5767619
1.88,12.39280952
1.98,13.20280952
2.08,13.13309524
2.18,12.46642857
2.28,13.44885714
2.38,12.79552381
2.48,12.38658857
2.58,11.43503429
2.58,13.08809714
2.68,13.06483429
2.78,13.64566667
2.88,13.959
2.98,13.92657143
3.08,14.65990476
3.18,14.60009524
3.28,14.59342857
3.38,14.53614286
3.48,15.52947619
3.58,15.68309524
3.68,15.5097619
3.78,15.16885714
3.88,15.51885714
3.98,16.39178857
4.08,15.92583429
4.08,18.18929714
4.18,17.07383429
4.28,17.50566667
4.38,19.07233333
4.48,20.63990476
4.58,21.05990476
4.68,21.23342857
4.78,22.19342857
4.88,21.51280952
4.98,21.79280952
5.08,21.90309524
5.18,22.74642857
5.28,22.07552381
5.38,21.79219048
5.48,21.35078857
5.58,20.73636762
5.58,22.63649714
5.68,21.39443429
5.78,21.40566667
5.88,21.619
5.98,23.33657143
6.08,26.33990476
6.18,27.0667619
6.28,28.38342857
6.38,28.42947619
6.48,27.60947619
6.58,28.16642857
6.68,28.69309524
6.78,27.18219048
6.88,25.54885714
6.98,24.40978857
7.08,23.70843429
7.08,25.89923048
7.18,26.20903429
7.28,27.86566667
7.38,28.47233333
7.48,26.9132381
7.58,26.88990476
7.68,26.67342857
7.78,26.5167619
7.88,27.54947619
7.98,27.88947619
8.08,26.92642857
8.18,27.36642857
8.28,27.16552381
8.38,26.80219048
8.48,25.78538857
8.58,25.21990095
8.58,25.45596381
8.68,23.01703429
8.78,23.76233333
8.88,26.27566667
8.98,26.8732381
9.08,25.7424
9.18,25.88775429
9.4,25.88775429
9.5,23.00183429
9.6,23.20233333
9.7,23.36233333
9.8,23.03990476
9.9,23.28657143
10,22.37342857
10.1,22.69009524
10.2,21.58280952
10.3,22.04947619
10.4,22.62309524
10.5,22.31642857
10.6,23.11885714
10.7,22.05552381
10.8,21.61678857
10.9,21.63016762
10.9,22.71643048
11,21.29943429
11.1,22.929
11.2,22.31233333
11.3,20.55990476
11.4,20.1532381
11.5,19.27009524
11.6,19.54009524
11.7,19.83614286
11.8,20.42280952
11.9,21.3397619
12,20.62309524
12.1,20.33885714
12.2,21.29885714
12.3,21.15318857
12.4,20.85263429
12.4,22.46209714
12.5,21.22723429
12.6,21.57233333
12.7,20.829
12.8,21.20990476
12.9,22.3532381
13,22.5867619
13.1,23.24342857
13.2,23.42280952
13.3,22.62280952
13.4,23.17309524
13.5,23.7497619
13.6,23.44885714
13.7,23.96219048
13.8,24.31098857
13.9,23.33783429
13.9,25.35423048
14,24.31283429
14.1,22.74233333
14.2,22.09566667
14.3,23.2432381
14.4,23.20657143
14.5,22.3167619
14.6,22.49342857
14.7,22.75280952
14.8,21.80280952
14.9,22.21642857
15,22.40642857
15.1,24.09552381
15.2,24.32552381
15.3,24.53898857
15.4,22.49490095
15.4,23.49396381
15.5,21.63383429
15.6,22.549
15.7,23.21566667
15.8,23.20990476
15.9,22.5532381
16,21.3067619
16.1,21.65009524
16.2,21.97280952
16.3,22.80280952
16.4,24.47642857
16.5,23.53309524
16.6,24.51219048
16.7,24.91219048
16.8,25.13938857
16.9,23.85376762
16.9,24.22789714
17,23.06643429
17.1,21.58233333
17.2,22.25566667
17.3,21.44990476
17.4,21.28990476
17.5,21.10009524
17.6,21.32342857
17.7,21.77614286
17.8,21.94947619
17.9,22.81642857
18,24.41642857
18.1,24.97219048
18.2,25.23874571
18.3,25.18865143
18.4,28.34809714
18.5,27.15903429
18.6,27.239
18.7,28.449
18.8,29.03657143
18.9,22.56496
18.9,28.85749714
19,20.20503429
19,25.40870095
19.1,19.72233333
19.2,20.95233333
19.3,21.59990476
19.4,23.02990476
19.5,24.16342857
19.6,25.07342857
19.7,25.18947619
19.8,25.30947619
19.9,24.5797619
20,24.34642857
20.1,23.42552381
20.2,23.16552381
20.3,22.21338857
20.4,19.63910095
20.4,23.39223048
20.5,21.53883429
20.6,21.81566667
20.7,22.38566667
20.8,23.38990476
20.9,24.3432381
21,25.70009524
21.1,24.13342857
21.2,21.96947619
21.3,21.59947619
21.4,22.64642857
21.5,24.41309524
21.6,24.02219048
21.7,23.01552381
21.8,22.16398857
21.9,20.77996762
21.9,23.50123048
22,21.32223429
22.1,21.84566667
22.2,22.09566667
22.3,23.4732381
22.4,24.3132381
22.5,24.53342857
22.6,24.7767619
22.7,25.02614286
22.8,25.24947619
22.9,25.11309524
23,25.5397619
23.1,24.85552381
23.2,24.32219048
23.3,24.26158857
23.4,24.08630095
23.4,28.08649714
23.5,27.06783429
23.6,27.24566667
23.7,29.709
23.8,30.9932381
23.9,30.76657143
24,28.76009524
24.1,27.4467619
24.2,27.49614286
24.3,26.80614286
24.4,27.15309524
24.5,26.94642857
24.6,25.69219048
24.7,25.51219048
24.8,25.77398857
24.9,25.00916762
24.9,25.79749714
25,25.12223429
25.1,25.169
25.2,24.65566667
25.3,25.68990476
25.4,25.73657143
25.5,25.84009524
25.6,26.09342857
25.7,24.98947619
25.8,24.14947619
25.9,22.50642857
26,21.69309524
26.1,21.95885714
26.2,21.83552381
26.3,22.14498857
26.4,23.51576381
26.4,23.91190095
26.5,22.42803429
26.6,22.63233333
26.7,24.27233333
26.8,24.34990476
26.9,25.00990476
27,24.52342857
27.1,24.0467619
27.2,23.80614286
27.3,23.69614286
27.4,23.5597619
27.5,22.29642857
27.6,22.22885714
27.7,22.58552381
27.8,22.11078857
27.9,21.29590095
27.9,25.07809714
28,23.78463429
28.1,22.00566667
28.2,20.01566667
28.3,20.6532381
28.4,22.61183524
28.4,22.61183524
28.5,18.61283429
28.5,21.00424381
28.6,21.429
28.7,23.84233333
28.8,24.0632381
28.9,23.89990476
29,23.32009524
29.1,23.36009524
29.2,23.00280952
29.3,22.90614286
29.4,22.70309524
29.5,22.1097619
29.6,21.89219048
29.7,19.97885714
29.8,20.86438857
29.9,21.17236762
29.9,23.14516381
30,22.24563429
30.1,22.449
30.2,22.04233333
30.3,21.9332381
30.4,21.2832381
30.5,22.46342857
30.6,23.74009524
30.7,25.37280952
30.8,25.82614286
30.9,25.93309524
31,25.96309524
31.1,25.83885714
31.2,25.91552381
31.3,26.34758381
31.4,26.43752381
31.4,31.47276381
31.5,28.18503429
31.6,27.62233333
31.7,26.91566667
31.8,26.8332381
31.9,25.09990476
32,24.3767619
32.1,24.62342857
32.2,24.60280952
32.3,25.16614286
32.4,24.82642857
32.5,25.0297619
32.6,24.40885714
32.7,23.45552381
32.8,22.60478857
32.9,20.84749253
32.9,21.96796381
33,22.12403429
33.1,23.28233333
33.2,24.79233333
33.3,25.5732381
33.4,25.4132381
33.5,25.03009524
33.6,24.63009524
33.7,25.76280952
33.8,26.38280952
33.9,27.14309524
34,26.3297619
34.1,26.26885714
34.2,23.67885714
34.3,21.12278857
34.4,21.65923429
34.4,21.84443048
34.5,21.24623429
34.6,22.209
34.7,22.97233333
34.8,22.86990476
34.9,22.65657143
35,23.17009524
35.1,24.69342857
35.2,25.45947619
35.3,24.42280952
35.4,24.20309524
35.5,23.4897619
35.6,21.83219048
35.7,20.90552381
35.8,21.51038857
35.9,20.92530095
35.9,22.01156381
36,20.62683429
36.1,21.22233333
36.2,22.07233333
36.3,23.1132381
36.4,24.9032381
36.5,25.62009524
36.6,25.87009524
36.7,25.90947619
36.8,26.11614286
36.9,26.23309524
37,26.12309524
37.1,25.28885714
37.2,24.49219048
37.3,25.31798857
37.4,24.64583429
37.4,27.72316381
37.5,27.26163429
37.6,27.03566667
37.7,24.489
37.8,22.07657143
37.9,20.32866857
37.9,20.32866857
38,18.04663429
38,18.16544381
38.1,18.86566667
38.2,19.459
38.3,19.24657143
38.4,18.42657143
38.5,18.80009524
38.6,19.7567619
38.7,20.48614286
38.8,21.73614286
38.9,22.09642857
39,21.21309524
39.1,20.28552381
39.2,19.86885714
39.3,22.11458857
39.4,21.86270095
39.4,25.57223048
39.5,24.74983429
39.6,25.669
39.7,25.27566667
39.8,24.4632381
39.9,24.3532381
40,22.5467619
40.1,22.35009524
40.2,21.97614286
40.3,22.04614286
40.4,22.44309524
40.5,21.89642857
40.6,22.08219048
40.7,22.35552381
40.8,21.89418857
40.9,20.16956762
40.9,22.60016381
41,21.88843429
41.1,22.469
41.2,23.219
41.3,23.62657143
41.4,22.95657143
41.5,21.9567619
41.6,21.4367619
41.7,20.61280952
41.8,21.72947619
41.9,22.32309524
42,22.31309524
42.1,21.73219048
42.2,21.65552381
42.3,21.00498857
42.4,19.28303429
42.4,23.86456381
42.5,23.40463429
42.6,24.889
42.7,25.779
42.8,23.66657143
42.9,21.69657143
43,20.76342857
43.1,21.17342857
43.2,21.08280952
43.3,24.18614286
43.4,28.07309524
43.5,28.49309524
43.6,25.35885714
43.7,22.74552381
43.8,20.48058857
43.9,18.99236762
43.9,20.81983048
44,19.18663429
44.1,19.65233333
44.2,18.89566667
44.3,19.25990476
44.4,20.21657143
44.5,23.19342857
44.6,25.48342857
44.7,25.59280952
44.8,22.34947619
44.9,20.79309524
45,19.2197619
45.1,18.33552381
45.2,17.46885714
45.3,16.38798857
45.4,14.82130095
45.4,17.91316381
45.5,18.74203429
45.6,21.75566667
45.7,23.70566667
45.8,24.10990476
45.9,22.99657143
46,21.9867619
46.1,21.24342857
46.2,19.80280952
46.3,19.18614286
46.4,20.26309524
46.5,21.13309524
46.6,20.40885714
46.7,20.20735429
46.8,17.27752381
46.81,18.61803048
46.91,16.23783429
47.01,15.079
47.11,17.119
47.21,21.2632381
47.31,24.4894
47.41,23.64675429
49.9,20.50233333
50,20.34183429
50.1,20.50233333
50.2,21.879
50.3,22.7132381
50.4,22.0332381
50.5,21.02009524
50.6,20.64342857
50.7,22.35280952
50.8,23.56947619
50.9,24.02642857
51,24.4697619
51.1,23.13219048
51.2,22.96219048
51.3,22.24378857
51.4,20.32216762
51.4,24.07529714
51.5,23.40463429
51.6,24.059
51.7,24.85233333
51.8,24.8432381
51.9,23.68657143
52,22.62009524
52.1,23.91342857
52.2,23.86280952
52.3,24.11280952
52.4,24.4897619
52.5,24.1197619
52.6,22.99219048
52.7,22.32219048
52.8,22.21338857
52.9,21.02703429
52.9,24.80196381
53,24.49903429
53.1,25.36566667
53.2,25.699
53.3,24.7932381
53.4,25.3432381
53.5,26.26342857
53.6,26.70009524
53.7,28.07614286
53.8,28.15614286
53.9,28.80309524
54,26.97642857
54.1,23.60885714
54.2,22.89219048
54.3,23.28118857
54.4,23.22156762
54.4,24.36596381
54.5,24.00503429
54.6,25.10233333
54.7,25.26566667
54.8,24.45657143
54.9,25.37657143
55,25.58009524
55.1,25.2167619
55.2,25.42947619
55.3,25.84280952
55.4,26.5897619
55.5,25.32642857
55.6,25.04885714
55.7,24.99552381
55.8,26.96338857
55.9,26.50610095
55.9,27.61416381
56,27.86963429
56.1,28.92566667
56.2,29.23233333
56.3,28.31657143
56.4,28.97657143
56.5,29.7367619
56.6,30.31342857
56.7,31.47280952
56.8,32.36614286
56.9,32.50642857
57,31.3697619
57.1,27.74885714
57.2,24.54219048
57.3,22.73626286
57.4,20.27888762
57.4,26.20443048
57.5,27.07923429
57.6,27.85566667
57.7,29.289
57.8,27.57657143
57.9,28.52657143
58,28.3067619
58.1,28.6367619
58.2,27.51614286
58.3,28.46614286
58.4,29.61309524
58.5,28.90309524
58.6,27.33219048
58.7,26.13885714
58.8,25.12038857
58.9,25.61230095
58.9,26.76396381
59,25.53643429
59.1,24.74233333
59.2,24.539
59.3,24.16990476
59.4,23.339
59.4,24.0099
59.5,22.21143429
59.5,24.20295429
59.6,23.339
59.7,23.34233333
59.8,23.16657143
59.9,23.08657143
60,23.59009524
60.1,23.2867619
60.2,23.90280952
60.3,25.37280952
60.4,27.55309524
60.5,25.5997619
60.6,21.50885714
60.7,20.07695619
60.8,16.85476381
60.81,19.27203048
60.91,21.50463429
61.01,23.98566667
61.11,25.869
61.21,25.92657143
61.31,26.39990476
61.41,25.83009524
61.51,25.14342857
61.61,25.28280952
61.71,25.45947619
61.81,25.52642857
61.91,24.6397619
62.01,23.75552381
62.11,25.1498
62.21,25.30239429
62.25,26.97469714
62.35,25.53263429
62.45,26.42233333
62.55,27.82233333
62.65,27.59657143
62.75,27.52657143
62.85,26.1567619
62.95,25.19009524
63.05,25.45614286
63.15,25.33614286
63.25,25.6297619
63.35,25.78309524
63.45,25.71552381
63.55,25.54835429
63.65,25.51085714
63.67,27.09823048
63.77,25.24003429
63.87,27.21566667
63.97,28.12233333
64.07,26.8932381
64.17,27.1132381
64.27,26.59342857
64.37,26.66342857
64.47,27.08280952
64.57,26.70947619
64.67,26.35642857
64.77,25.8597619
64.87,25.89885714
64.97,26.66396571
65.07,27.57115429
65.09,27.91209714
65.19,28.35223429
65.29,29.51566667
65.39,29.589
65.49,29.1532381
65.59,29.11990476
65.69,28.92009524
65.79,29.9967619
65.89,31.40947619
65.99,31.38280952
66.09,34.09309524
66.19,33.47309524
66.29,32.66219048
66.39,33.05396571
66.49,30.32262095
66.52,27.46156381
66.62,26.63843429
66.72,26.45566667
66.82,25.949
66.92,25.56990476
67.02,25.67990476
67.12,27.2767619
67.22,29.7267619
67.32,31.21947619
67.42,31.08947619
67.52,29.7797619
67.62,29.37642857
67.72,29.05885714
67.82,29.79236571
67.92,28.09915429
67.94,31.09489714
68.04,30.22183429
68.14,29.73566667
68.24,30.619
68.34,30.32657143
68.44,30.17657143
68.54,30.4467619
68.64,30.72342857
68.74,29.56947619
68.84,28.07614286
68.9,25.72802143
68.94,28.06429286
69,25.31603429
69.04,25.72802143
69.1,26.58566667
69.2,26.82233333
69.3,27.7532381
69.4,29.29990476
69.5,28.4567619
69.6,28.5667619
69.7,28.55280952
69.8,28.94614286
69.9,29.20642857
70,29.4597619
70.1,28.58552381
70.2,26.58476571
70.3,23.54075429
70.32,27.28716381
70.42,26.19003429
70.52,25.559
70.62,25.259
70.72,23.4232381
70.82,23.3532381
70.92,23.3667619
71.02,22.48009524
71.12,23.33614286
71.22,24.20614286
71.32,24.79309524
71.42,24.23642857
71.52,21.75219048
71.62,22.59236571
71.72,20.93008762
71.74,24.66389714
71.84,24.64723429
71.94,26.43566667
72.04,28.51566667
72.14,28.85990476
72.24,26.0832381
72.34,22.4167619
72.44,22.49342857
72.54,21.88614286
72.64,22.97947619
72.74,24.94309524
72.84,26.6097619
72.94,26.65885714
73.04,25.60916571
73.14,21.85702095
73.16,26.62589714
73.26,26.31923429
73.36,26.26233333
73.46,25.10566667
73.56,24.86657143
73.66,25.88657143
73.76,26.25342857
73.86,26.47342857
73.96,26.88614286
74.06,26.95614286
74.16,27.89309524
74.26,26.5997619
74.36,25.27219048
74.46,25.20596571
74.56,23.91035429
74.58,30.63709714
74.68,27.98743429
74.78,28.94566667
74.88,28.51233333
74.98,28.37657143
75.08,27.3532381
75.18,26.20342857
75.28,23.66342857
75.38,24.94280952
75.48,24.62280952
75.58,26.87642857
75.68,28.08642857
75.78,29.55552381
75.88,29.5213
75.98,24.74079429
76.02,28.63876381
76.12,25.81383429
76.22,25.40566667
76.32,25.22566667
76.42,26.97990476
76.52,27.11657143
76.62,26.6367619
76.72,27.15342857
76.82,28.44280952
76.92,28.67280952
77.02,28.54309524
77.12,27.8697619
77.22,24.71885714
77.32,23.88116571
77.42,21.45222095
77.44,25.51409714
77.54,26.03043429
77.64,28.14233333
77.74,30.65233333
77.84,29.2332381
77.94,26.55657143
78.04,25.5867619
78.14,27.4967619
78.24,27.45280952
78.34,27.27280952
78.4,27.51595714
78.44,27.51595714
78.5,25.91643429
78.54,28.7697
78.6,27.28566667
78.7,27.859
78.8,28.6932381
78.9,27.9632381
79,27.35009524
79.1,26.34342857
79.2,26.09614286
79.3,26.23280952
79.4,24.97309524
79.5,24.51309524
79.6,24.28219048
79.7,25.19592095
79.8,24.31752381
79.81,29.01663048
79.91,27.82023429
80.01,28.45233333
80.11,28.06233333
80.21,27.50657143
80.31,27.6532381
80.41,27.95009524
80.51,28.33009524
80.61,27.42614286
80.71,26.95614286
80.81,27.62309524
80.91,25.66309524
81.01,23.38552381
81.11,23.20485429
81.21,23.15752381
81.22,25.28883048
81.32,25.19063429
81.42,25.269
81.52,26.39566667
81.62,26.6032381
81.72,26.14657143
81.82,24.42009524
81.92,24.93342857
82.02,26.30280952
82.12,27.58947619
82.22,27.8897619
82.32,29.24642857
82.42,27.10552381
82.52,26.72156571
82.62,23.61702095
82.64,30.57896381
82.74,28.54983429
82.84,29.749
82.94,31.399
83.04,31.38657143
83.14,32.50990476
83.24,32.16009524
83.34,32.1567619
83.44,30.96280952
83.54,29.86947619
83.64,30.28642857
83.74,30.0997619
83.84,30.25219048
83.94,31.13642095
84.04,29.53752381
84.06,32.67903048
84.16,31.38463429
84.26,31.65566667
84.36,30.76233333
84.46,29.8632381
84.56,29.21990476
84.66,28.4767619
84.76,27.93009524
84.86,26.79947619
84.96,27.59614286
85.06,28.32642857
85.16,28.18642857
85.26,28.77552381
85.36,29.06156571
85.46,27.70022095
85.49,30.18656381
85.59,27.36043429
85.69,26.70233333
85.79,27.75566667
85.89,26.7232381
85.99,28.14657143
86.09,28.3567619
86.19,28.52342857
86.29,29.01614286
86.39,28.44280952
86.49,26.16642857
86.59,24.74309524
86.69,25.42219048
86.79,27.44156571
86.89,26.63835429
86.92,26.27709714
87.02,28.61823429
87.12,29.709
87.22,28.18233333
87.32,25.77657143
87.42,25.38657143
87.52,26.04342857
87.62,27.3967619
87.72,28.49947619
87.82,29.41947619
87.92,29.1897619
88,26.95383429
88.02,27.53852143
88.1,26.74566667
88.12,25.84711048
88.2,26.32233333
88.3,26.72990476
88.4,27.13990476
88.5,26.64009524
88.6,27.20342857
88.7,27.23280952
88.8,28.09280952
88.9,27.46309524
89,27.13309524
89.1,26.02885714
89.2,24.20038762
89.3,21.56419048
89.31,21.37936381
89.41,20.32283429
89.51,21.329
89.61,24.339
89.71,26.44990476
89.81,28.14657143
89.91,29.3367619
90.01,28.32342857
90.11,26.31947619
90.21,23.89280952
90.31,25.01642857
90.41,24.47309524
90.51,25.59552381
90.61,26.32952095
90.71,24.41085714
90.72,28.43529714
90.82,27.63403429
90.92,28.30566667
91.02,24.89566667
91.12,20.73657143
91.22,20.88990476
91.32,22.00342857
91.42,23.96009524
91.52,23.85614286
91.62,23.19947619
91.72,23.13309524
91.82,22.93642857
91.92,21.48219048
92.02,21.64252095
92.12,21.09752381
92.14,24.43136381
92.24,22.68263429
92.34,23.38233333
92.44,24.36233333
92.54,24.9332381
92.64,24.9732381
92.74,23.96009524
92.84,23.94342857
92.94,25.50614286
93.04,26.03947619
93.14,26.7297619
93.24,25.99642857
93.34,23.72885714
93.44,20.66996571
93.54,17.59782095
93.56,21.59009714
93.66,22.98283429
93.76,25.879
93.86,27.279
93.96,27.41990476
94.06,26.90657143
94.16,27.7667619
94.26,28.8667619
94.36,29.09614286
94.46,27.97947619
94.56,25.23642857
94.66,22.8597619
94.76,23.22552381
94.86,24.64365429
94.96,24.51752381
94.98,27.83216381
95.08,25.76063429
95.18,26.85566667
95.28,27.94233333
95.38,31.6932381
95.48,31.55990476
95.58,29.64342857
95.68,28.6467619
95.78,27.80614286
95.88,29.40280952
95.98,29.3697619
96.08,28.2397619
96.18,26.02885714
96.28,26.04476571
96.38,22.74875429
96.4,23.53756381
96.5,21.61103429
96.6,22.59566667
96.7,23.479
96.8,24.1332381
96.9,23.8732381
97,23.92342857
97.1,24.1667619
97.2,24.87947619
97.3,24.38280952
97.4,23.7097619
97.5,21.66043429
97.5,23.21875
97.6,21.80334857
97.6,24.799
97.7,25.299
97.8,22.63990476
97.9,21.10657143
98,21.28342857
98.1,23.07342857
98.2,26.30280952
98.3,27.34614286
98.4,27.12309524
98.5,26.01642857
98.6,23.63885714
98.7,22.22022095
98.8,20.95085714
98.81,26.09543048
98.91,26.31543429
99.01,26.969
99.11,27.50233333
99.21,26.4132381
99.31,24.9532381
99.41,25.1867619
99.51,24.91342857
99.61,24.83614286
99.71,23.42280952
99.81,23.0097619
99.91,23.01309524
100.01,21.98885714
100.11,20.85716571
100.21,18.11995429
100.23,19.20663048
100.33,18.09603429
100.43,17.51233333
100.53,17.43566667
100.63,20.0932381
100.73,23.0132381
100.83,24.26009524
100.93,24.4467619
101.03,24.63947619
101.13,24.62947619
101.23,23.15642857
101.33,22.88642857
101.43,21.78552381
101.53,24.16196571
101.63,24.79035429
101.65,29.85229714
101.75,27.47063429
101.85,25.37566667
101.95,22.80233333
102.05,23.01657143
102.15,24.73657143
102.25,27.5967619
102.35,30.03342857
102.45,30.47947619
102.55,28.73280952
102.65,28.15642857
102.75,28.7797619
102.85,24.94219048
102.95,22.95415429
103.05,20.17085714
103.06,24.64936381
103.16,25.13743429
103.26,25.89566667
103.36,25.95566667
103.46,25.35990476
103.56,26.57990476
103.66,27.58342857
103.76,27.91009524
103.86,27.62280952
103.96,27.68614286
104.06,28.7897619
104.16,27.96309524
104.26,25.12219048
104.36,23.43836571
104.46,19.04688762
104.48,18.34189714
104.58,20.25443429
104.68,22.41566667
104.78,25.089
104.88,26.11990476
104.98,25.9532381
105.08,24.65009524
105.18,23.4267619
105.28,21.70947619
105.38,21.64947619
105.48,21.99642857
105.58,22.36642857
105.68,23.71552381
105.78,23.45535619
105.88,22.23539714
105.92,22.97803048
106.02,19.80983429
106.12,19.99233333
106.22,20.45233333
106.32,20.76657143
106.42,22.01657143
106.52,22.06342857
106.62,22.22009524
106.72,22.02947619
106.82,21.42614286
106.9,19.46783429
106.92,20.9997619
107,19.46783429
107.02,20.90352857
107.1,22.189
107.12,18.42577524
107.2,23.32566667
107.3,23.29990476
107.4,24.19990476
107.5,24.0367619
107.6,23.1967619
107.7,23.29947619
107.8,22.30947619
107.9,22.59309524
108,23.70309524
108.1,22.98885714
108.2,22.02716571
108.3,19.46928762
108.32,22.12056381
108.42,23.64403429
108.52,25.30233333
108.62,25.70566667
108.72,25.5632381
108.82,25.9332381
108.92,25.54342857
109.02,25.29009524
109.12,24.82280952
109.22,25.45947619
109.32,26.79642857
109.42,27.4297619
109.52,26.21219048
109.62,24.07685429
109.72,23.12419048
109.74,24.22063048
109.84,24.67763429
109.94,26.52233333
110.04,27.839
110.14,26.91657143
110.24,27.6632381
110.34,28.77342857
110.44,30.76009524
110.54,30.59614286
110.64,29.64280952
110.74,28.00309524
110.84,28.05309524
110.94,27.19219048
111.04,27.05636571
111.14,22.22662095
111.16,25.17256381
111.26,22.97903429
111.36,22.77233333
111.46,22.75233333
111.56,22.9032381
111.66,23.87990476
111.76,23.7267619
111.86,23.37009524
111.96,23.17280952
112.06,22.84280952
112.16,22.6497619
112.26,22.62642857
112.36,21.32552381
112.46,22.59082095
112.56,22.57085714
112.58,24.73656381
112.68,22.94863429
112.78,22.07566667
112.88,22.17566667
112.98,21.81657143
113.08,22.0432381
113.18,22.63009524
113.28,24.0567619
113.38,24.26947619
113.48,24.56614286
113.58,26.28309524
113.68,25.43642857
113.78,22.68552381
113.88,21.31076571
113.98,18.18448762
114,23.11609714
114.1,23.63263429
114.2,25.71566667
114.3,26.82233333
114.4,25.8232381
114.5,25.6532381
114.6,24.81009524
114.7,26.8967619
114.8,27.72947619
114.9,26.77614286
115,25.15642857
115.1,24.8097619
115.2,24.07219048
115.3,22.55276571
115.4,20.19675429
115.42,20.35476381
115.52,18.16443429
115.62,18.90566667
115.72,19.79233333
115.82,21.50990476
115.92,22.19657143
116.02,23.3867619
116.12,23.7467619
116.22,23.29280952
116.32,22.80947619
116.42,24.65642857
116.5,18.61283429
116.6,19.369
116.7,19.349
116.8,20.4532381
116.9,21.10657143
117,22.21342857
117.1,21.56009524
117.2,20.58280952
117.3,20.30947619
117.4,21.1097619
117.5,18.88309524
117.6,17.68219048
117.7,17.82025429
117.8,17.98419048
117.82,19.23569714
117.92,17.67423429
118.02,18.709
118.12,17.56566667
118.22,17.40990476
118.32,17.38990476
118.42,18.45009524
118.52,19.6167619
118.62,19.18280952
118.72,17.95947619
118.82,16.93309524
118.92,17.1897619
119.02,18.01219048
119.12,18.12908762
119.22,18.16419048
119.24,21.53923048
119.34,19.73003429
119.44,19.79566667
119.54,19.73566667
119.64,17.6232381
119.74,17.91990476
119.84,18.30009524
119.94,18.06009524
120.04,17.88947619
120.14,16.84947619
120.24,17.37642857
120.34,16.7997619
120.44,16.01219048
120.54,16.86468762
120.64,16.64419048
120.65,18.34916381
120.75,17.73123429
120.85,18.71566667
120.95,18.93566667
121.05,18.5632381
121.15,18.01657143
121.25,17.58009524
121.35,17.7167619
121.45,17.38614286
121.55,18.19280952
121.65,18.56642857
121.75,19.33309524
121.85,19.32552381
121.95,19.88398762
122.05,19.03085714
122.06,22.11329714
122.16,20.33043429
122.26,19.50233333
122.36,19.05566667
122.46,18.7032381
122.56,19.34990476
122.66,18.78009524
122.76,18.9967619
122.86,19.09280952
122.96,19.43280952
123.06,19.4897619
123.16,20.4797619
123.26,20.16885714
123.36,20.25822095
123.46,18.93752381
123.48,21.23403048
123.58,20.69903429
123.68,20.579
123.78,19.349
123.88,19.4132381
123.98,18.95657143
124.08,18.94342857
124.18,19.3867619
124.28,19.38280952
124.38,19.68947619
124.48,20.6197619
124.58,20.1097619
124.68,18.75885714
124.78,17.91835429
124.88,17.37752381
124.9,19.46096381
125,20.18223429
125.1,22.76233333
125.2,27.17566667
125.3,27.52990476
125.4,25.9932381
125.5,23.00009524
125.6,19.54009524
125.7,17.67280952
125.8,17.77806571
125.9,18.3999
126,15.45503429
126.1,17.47233333
126.2,19.95566667
126.3,21.3532381
126.4,21.84657143
126.5,21.99342857
126.6,22.17342857
126.7,21.39614286
126.8,19.97280952
126.9,20.19642857
127,18.9997619
127.1,19.06219048
127.2,21.08756571
127.3,19.97382095
127.32,25.99369714
127.42,26.57383429
127.52,25.309
127.62,22.61566667
127.72,19.9732381
127.82,18.73657143
127.92,18.43342857
128.02,19.67342857
128.12,23.22614286
128.22,24.90280952
128.32,25.27642857
128.42,23.7097619
128.52,19.25219048
128.62,16.81796571
128.72,14.42395429
128.74,15.52969714
128.84,14.72923429
128.94,16.669
129.04,16.969
129.14,17.60990476
129.24,17.52990476
129.34,17.33342857
129.44,15.80009524
129.54,15.30614286
129.64,15.44947619
129.74,15.90309524
129.84,16.03642857
129.94,16.11552381
130.04,17.14556571
130.14,17.02288762
130.16,19.20663048
130.26,18.01243429
130.36,18.579
130.46,18.319
130.56,19.54990476
130.66,19.8832381
130.76,19.6867619
130.86,19.67342857
130.96,19.76947619
131.06,18.92614286
131.16,19.58309524
131.26,19.67309524
131.36,20.21219048
131.46,23.23316571
131.56,21.50502095
131.57,25.25976381
131.67,23.51103429
131.77,21.45566667
131.87,19.18233333
131.97,18.4132381
132.07,18.17657143
132.17,19.64342857
132.27,21.32342857
132.37,21.66614286
132.47,20.72947619
132.57,19.72642857
132.67,18.65642857
132.77,18.09552381
132.87,18.06368762
132.97,17.28419048
132.99,17.83323048
133.09,17.67043429
133.19,17.60233333
133.29,17.419
133.39,17.47990476
133.49,17.5232381
133.59,17.2067619
133.69,16.7367619
133.79,17.09947619
133.89,17.84280952
133.99,18.7497619
134.09,19.91309524
134.19,19.46552381
134.29,20.06516571
134.39,18.33115429
134.41,16.00929714
134.51,18.06563429
134.61,17.96566667
134.71,17.87233333
134.81,18.84657143
134.91,20.6432381
135.01,22.35009524
135.11,22.2467619
135.21,20.91947619
135.31,20.07614286
135.41,20.05835952
135.5,19.95803429
135.51,20.40842143
135.6,22.96233333
135.7,22.27233333
135.8,21.40657143
135.9,21.4232381
136,22.31009524
136.1,23.5267619
136.2,26.13947619
136.3,27.43280952
136.4,25.5297619
136.5,23.58642857
136.6,20.48552381
136.7,18.98516571
136.8,16.81168762
136.82,21.11049714
136.92,20.77883429
137.02,21.51233333
137.12,22.14233333
137.22,21.97657143
137.32,21.2432381
137.42,19.32009524
137.52,19.7867619
137.62,21.53280952
137.72,23.46614286
137.82,24.10642857
137.92,24.86309524
138.02,22.89552381
138.12,22.64168762
138.22,21.35752381
138.24,22.78909714
138.34,21.07903429
138.44,21.599
138.54,21.87233333
138.64,22.7832381
138.74,23.8932381
138.84,24.8967619
138.94,25.15342857
139.04,26.48280952
139.14,27.98614286
139.24,30.05309524
139.34,28.3997619
139.44,23.26552381
139.54,20.20916571
139.64,16.82342095
139.66,19.61356381
139.76,20.33803429
139.86,22.58566667
139.96,27.229
140.06,31.83990476
140.16,33.2832381
140.26,31.3667619
140.36,26.0967619
140.46,22.86280952
140.56,23.66614286
140.66,26.86642857
140.76,31.9997619
140.86,32.31885714
140.96,31.80476571
141.06,26.98448762
141.08,22.68736381
141.18,20.10243429
141.28,19.59233333
141.38,20.70566667
141.48,22.8032381
141.58,25.86657143
141.68,27.8867619
141.78,26.52009524
141.88,24.19947619
141.98,24.08280952
142.08,24.00642857
142.18,23.58642857
142.28,23.19552381
142.38,23.94605429
142.48,23.33752381
142.49,27.90483048
142.59,27.57703429
142.69,28.979
142.79,29.959
142.89,27.9132381
142.99,26.70657143
143.09,26.01009524
143.19,25.48009524
143.29,23.55947619
143.39,23.25947619
143.49,23.42642857
143.59,23.36309524
143.69,23.52219048
143.79,24.46562095
143.89,24.79752381
143.9,27.11276381
144,27.11723429
144.1,27.599
144.2,25.75566667
144.3,23.1232381
144.4,21.49657143
144.5,18.90009524
144.6,15.7667619
144.7,14.33947619
144.8,15.91947619
144.9,19.04309524
145,20.99163429
145.1,24.17233333
145.2,25.849
145.3,25.10990476
145.4,23.71657143
145.5,22.91342857
145.6,22.97342857
145.7,24.26614286
145.8,25.30614286
145.9,25.80642857
146,24.5597619
146.1,22.66219048
146.2,20.97035429
146.3,20.74419048
146.32,19.30836381
146.42,20.57363429
146.52,22.57233333
146.62,24.60233333
146.72,24.27990476
146.82,21.62990476
146.92,19.26009524
147.02,19.15342857
147.12,20.63614286
147.22,21.70947619
147.32,24.33309524
147.42,24.76642857
147.52,24.42552381
147.62,22.79396571
147.72,19.85062095
147.74,19.77343048
147.84,18.43423429
147.94,19.899
148.04,21.48566667
148.14,24.15657143
148.24,24.91657143
148.34,23.1167619
148.44,20.20342857
148.54,20.16280952
148.64,21.00280952
148.74,21.34642857
148.84,22.68309524
148.94,23.43219048
149.04,25.00436571
149.14,22.20902095
149.15,27.40343048
149.25,26.87023429
149.35,28.47566667
149.45,30.43566667
149.55,30.95657143
149.65,34.95657143
149.75,34.19009524
149.85,28.6167619
149.95,25.08280952
150.05,22.27280952
150.15,21.53642857
150.25,22.46309524
150.35,23.25219048
150.45,24.6983
150.55,23.10999429
150.57,31.25476381
150.67,28.39023429
150.77,26.17233333
150.87,23.249
150.97,22.1032381
151.07,22.25990476
151.17,23.45342857
151.27,26.42009524
151.37,31.29280952
151.47,34.87280952
151.57,35.62642857
151.67,35.99642857
151.77,30.76885714
151.87,26.83316571
151.97,22.29115429
151.99,19.84609714
152.09,18.75723429
152.19,19.559
152.29,22.42566667
152.39,25.29990476
152.49,28.16657143
152.59,28.93009524
152.69,29.00009524
152.79,26.34947619
152.89,24.79947619
152.99,25.08309524
153.09,25.01309524
153.19,24.56885714
153.29,25.8603
153.39,24.13599429
153.42,32.15583048
153.52,27.98743429
153.62,27.609
153.72,27.869
153.82,27.8332381
153.92,28.5732381
154.02,27.40342857
154.12,26.33342857
154.22,24.20280952
154.32,22.81280952
154.42,23.21642857
154.52,24.54454286
154.62,23.49985524
159.5,21.00303429
159.6,22.089
159.7,25.06233333
159.8,30.49990476
159.9,34.0932381
160,35.95342857
160.1,34.88009524
160.2,32.00280952
160.3,29.31280952
160.4,26.30642857
160.5,24.43642857
160.6,26.48219048
160.7,28.39556571
160.8,25.45328762
160.82,26.37156381
160.92,24.53703429
161.02,25.839
161.12,25.96566667
161.22,25.72990476
161.32,24.78990476
161.42,25.3067619
161.52,25.78009524
161.62,25.07280952
161.72,25.67614286
161.82,25.61309524
161.92,27.1697619
162.02,29.69885714
162.12,31.99556571
162.22,27.64155429
162.23,28.39169714
162.33,27.28063429
162.43,25.34233333
162.53,24.52233333
162.63,25.6232381
162.73,28.7732381
162.83,32.26342857
162.93,33.73009524
163.03,32.77614286
163.13,30.76614286
163.23,29.6897619
163.33,28.08642857
163.43,27.04219048
163.53,27.79076571
163.63,25.88742095
163.65,33.68909714
163.75,32.36503429
163.85,33.049
163.95,32.04233333
164.05,29.28657143
164.15,26.5532381
164.25,23.10009524
164.35,22.15342857
164.45,23.41947619
164.55,24.04280952
164.65,25.66309524
164.75,25.80642857
164.85,25.25885714
164.95,24.70556571
165.05,23.00102095
165.07,24.44589714
165.17,24.74983429
165.27,25.43233333
165.37,25.78566667
165.47,26.07657143
165.57,24.44657143
165.67,22.92009524
165.77,22.7267619
165.87,21.65280952
165.97,22.83947619
166.07,25.05642857
166.17,27.80309524
166.27,29.00219048
166.37,29.07956571
166.47,27.04902095
166.48,29.25643048
166.58,26.03423429
166.68,24.00233333
166.78,23.069
166.88,22.3432381
166.98,22.8032381
167.08,24.9067619
167.18,28.88342857
167.28,32.01947619
167.38,32.79947619
167.48,34.31309524
167.58,33.53309524
167.68,30.33885714
167.78,26.76116571
167.88,23.18875429
167.9,23.84276381
168,21.42103429
168.1,22.16566667
168.2,23.649
168.3,27.20990476
168.4,29.89990476
168.5,30.3367619
168.6,29.34009524
168.7,27.20947619
168.8,24.90280952
168.9,23.7652881
169,21.33743429
169,23.79220714
169.1,24.80566667
169.2,28.78233333
169.3,31.75990476
169.4,33.19657143
169.5,33.4967619
169.6,32.09009524
169.7,30.26280952
169.8,30.85947619
169.9,32.7997619
170,33.92309524
170.1,32.55885714
170.2,30.24219048
170.3,33.73118857
170.4,36.35243429
170.4,38.91383048
170.5,37.81423429
170.6,37.48233333
170.7,38.229
170.8,38.28990476
170.9,38.65990476
171,39.0767619
171.1,38.2767619
171.2,37.41280952
171.3,36.58614286
171.4,39.0797619
171.5,40.05642857
171.6,39.48552381
171.7,38.67885714
171.8,39.02838857
171.9,36.25423048
171.9,37.41336762
172,33.20483429
172.1,32.929
172.2,34.819
172.3,33.81657143
172.4,34.77657143
172.5,37.9367619
172.6,37.11342857
172.7,34.51280952
172.8,36.95280952
172.9,40.59642857
173,41.67309524
173.1,40.88219048
173.2,39.41503429
173.3,35.57142
173.36,29.37996381
173.46,26.49023429
173.56,20.78233333
173.66,19.77566667
173.76,21.5332381
173.86,23.8632381
173.96,27.8567619
174.06,33.11009524
174.16,37.06947619
174.26,38.84280952
174.36,37.76642857
174.46,32.7097619
174.56,26.18552381
174.66,22.70403429
174.76,18.75144
174.81,23.39949714
174.91,23.72763429
175.01,28.069
175.11,32.879
175.21,36.0732381
175.31,37.08990476
175.41,34.78009524
175.51,32.2767619
175.61,29.27614286
175.71,29.11614286
175.81,28.98309524
175.91,27.6397619
176.01,25.41885714
176.11,25.75047905
176.21,25.1423019
176.28,32.67176381
176.38,30.71203429
176.48,34.13233333
176.58,35.449
176.68,35.05657143
176.78,33.9232381
176.88,30.76009524
176.98,27.87009524
177.08,25.79280952
177.18,24.85280952
177.28,23.68309524
177.38,23.55309524
177.48,23.23219048
177.58,24.71017905
177.68,25.6384019
177.75,31.89423048
177.85,31.63923429
177.95,33.19233333
178.05,34.09233333
178.15,32.3032381
178.25,27.2332381
178.35,24.61009524
178.45,22.46729714
178.5,31.68483429
178.55,22.62894
178.6,30.629
178.7,27.60233333
178.8,25.02657143
178.9,23.61657143
179,22.8067619
179.1,24.05009524
179.2,26.53280952
179.3,30.19947619
179.4,30.78642857
179.5,28.4697619
179.6,25.00552381
179.7,23.79525619
179.8,23.87790857
179.86,26.40063048
179.96,25.66183429
180.06,26.71566667
180.16,28.169
180.26,28.7632381
180.36,29.3432381
180.46,30.64342857
180.56,30.0667619
180.66,28.51947619
180.76,28.27280952
180.86,28.62309524
180.96,28.98309524
181.06,29.13885714
181.16,28.37863429
181.26,26.80672
181.31,25.87016381
181.41,24.28623429
181.51,24.90233333
181.61,24.66566667
181.71,24.74990476
181.81,26.31990476
181.91,26.35009524
182.01,24.98009524
182.11,24.15280952
182.21,24.79280952
182.31,25.5197619
182.41,25.9497619
182.51,24.14885714
182.61,23.28203429
182.71,22.69258667
182.77,24.27149714
182.87,25.73023429
182.97,26.14233333
183.07,26.43233333
183.17,25.8432381
183.27,23.80657143
183.37,21.78009524
183.47,21.5167619
183.57,21.04280952
183.67,20.80280952
183.77,22.30642857
183.87,22.0897619
183.97,21.57885714
184.07,21.76563429
184.17,21.05668667
184.22,23.81369714
184.32,23.31723429
184.42,24.23233333
184.52,24.90566667
184.62,24.62657143
184.72,26.2432381
184.82,27.07009524
184.92,27.92009524
185.02,28.27614286
185.12,27.24280952
185.22,25.19309524
185.32,22.45642857
185.42,19.91219048
185.52,18.61383429
185.62,17.98882
185.67,22.19323048
185.77,21.82763429
185.87,24.05566667
185.97,25.42233333
186.07,26.8532381
186.17,26.80990476
186.27,25.62342857
186.37,25.23342857
186.47,24.46947619
186.57,22.83280952
186.67,23.0497619
186.77,22.4797619
186.87,20.62552381
186.97,20.78422286
187.07,21.06630857
187.13,24.36596381
187.23,24.12283429
187.33,26.68566667
187.43,27.26566667
187.53,26.53990476
187.63,22.86657143
187.73,17.45342857
187.83,13.8667619
187.93,12.88023429
188,19.97703429
188.03,13.2870781
188.1,18.629
188.2,17.91566667
188.3,18.86990476
188.4,21.27657143
188.5,22.46009524
188.6,24.10342857
188.7,23.99280952
188.8,20.65947619
188.9,18.87309524
189,18.14642857
189.1,18.91552381
189.2,19.48642286
189.3,18.00857524
189.35,21.41569714
189.45,21.64523429
189.55,24.17566667
189.65,28.169
189.75,29.90657143
189.85,30.6232381
189.95,29.90342857
190.05,28.2467619
190.15,26.20614286
190.25,22.84614286
190.35,20.57309524
190.45,18.5497619
190.55,17.49219048
190.65,17.92023429
190.75,20.23652
190.81,24.93276381
190.91,23.07403429
191.01,23.889
191.11,22.029
191.21,20.45657143
191.31,18.51990476
191.41,18.02342857
191.51,17.82009524
191.61,18.52947619
191.71,18.51947619
191.81,18.74642857
191.91,19.41642857
192.01,20.43885714
192.11,23.42143429
192.21,26.13728667
192.26,27.75949714
192.36,24.43443429
192.46,25.29566667
192.56,24.37233333
192.66,22.6432381
192.76,20.44657143
192.86,18.6467619
192.96,17.11342857
193.06,16.63947619
193.16,17.28614286
193.26,19.73642857
193.36,21.57309524
193.46,22.93885714
193.56,22.50343429
193.66,20.95028667
193.71,18.66163048
193.81,17.71603429
193.91,17.529
194.01,18.16233333
194.11,19.82657143
194.21,19.35990476
194.31,18.2867619
194.41,18.11009524
194.51,18.70947619
194.61,20.18280952
194.71,22.81309524
194.81,25.43309524
194.91,27.35552381
195.01,29.20823429
195.11,29.21402
195.16,29.44536381
195.26,26.88543429
195.36,24.06233333
195.46,20.91233333
195.56,18.1032381
195.66,16.04657143
195.76,15.75009524
195.86,16.14342857
195.96,17.32947619
196.06,18.31947619
196.16,18.82309524
196.26,19.5597619
196.36,19.42219048
196.46,20.02143429
196.56,22.16945333
196.62,24.18429714
196.72,22.32163429
196.82,21.63566667
196.92,21.96566667
197.02,21.3632381
197.12,21.08657143
197.22,20.1367619
197.32,19.31009524
197.42,17.12866571
197.5,17.23343429
197.52,17.74434
197.6,14.369
197.7,13.899
197.8,14.81657143
197.9,16.33657143
198,16.51342857
198.1,18.2867619
198.2,19.11947619
198.3,19.47280952
198.4,19.35309524
198.5,18.7197619
198.6,17.44219048
198.7,16.22475619
198.8,15.0502419
198.85,16.30723048
198.95,14.14023429
199.05,14.45566667
199.15,14.029
199.25,14.6032381
199.35,15.87990476
199.45,17.11342857
199.55,18.6167619
199.65,18.93947619
199.75,18.02280952
199.85,16.1697619
199.95,14.6397619
200.05,13.68552381
200.15,13.39143429
200.25,13.34268667
200.31,13.19709714
200.41,12.62783429
200.51,13.81566667
200.61,15.00233333
200.71,15.43990476
200.81,16.80657143
200.91,16.79342857
201.01,16.6567619
201.11,16.89614286
201.21,17.03614286
201.31,16.37642857
201.41,15.31309524
201.51,13.32219048
201.61,11.59623429
201.71,11.45852
201.77,11.66383048
201.87,11.79563429
201.97,12.209
202.07,13.29233333
202.17,13.40657143
202.27,13.7932381
202.37,14.12342857
202.47,13.74009524
202.57,13.61947619
202.67,13.95947619
202.77,14.34642857
202.87,14.9497619
202.97,14.63219048
203.07,14.35363429
203.17,14.47762
203.22,15.11549714
203.32,14.01483429
203.42,13.32566667
203.52,13.02566667
203.62,12.9232381
203.72,13.94657143
203.82,13.39009524
203.92,14.02009524
204.02,14.59280952
204.12,14.02947619
204.22,14.25309524
204.32,14.22309524
204.42,14.07885714
204.52,13.57163429
204.62,14.22048667
204.67,14.19263048
204.77,14.56583429
204.87,14.809
204.97,14.93566667
205.07,15.4132381
205.17,15.3532381
205.27,15.98009524
205.37,16.8767619
205.47,17.94947619
205.57,18.14614286
205.67,17.9197619
205.77,17.7697619
205.87,16.46885714
205.97,15.85395619
206.07,14.61950857
206.13,13.34243048
206.23,12.69623429
206.33,12.47566667
206.43,12.84233333
206.53,12.92990476
206.63,12.59990476
206.73,11.49130286
206.83,10.05563429
212,16.23783429
212.1,19.449
212.2,22.019
212.3,23.69657143
212.4,22.57990476
212.5,20.45342857
212.6,18.42342857
212.7,18.00947619
212.8,17.47614286
212.9,16.95309524
213,16.31309524
213.1,15.33885714
213.2,15.94143429
213.3,15.39088667
213.35,21.49563048
213.45,22.61423429
213.55,25.60566667
213.65,28.92233333
213.75,30.05990476
213.85,32.58990476
213.95,28.93009524
214.05,21.23342857
214.15,15.87947619
214.25,14.76280952
214.35,15.13309524
214.45,15.5197619
214.55,15.15885714
214.65,16.93202286
214.75,19.77410857
214.8,27.84669714
214.9,29.91783429
215,32.629
215.1,32.60566667
215.2,29.57990476
215.3,22.61990476
215.4,18.1267619
215.5,16.85009524
215.6,15.89280952
215.7,16.59280952
215.8,18.8997619
215.9,23.59309524
216,27.93552381
216.1,33.48543429
216.2,37.50435333
216.26,37.91103048
216.36,35.08583429
216.46,31.79233333
216.56,25.61566667
216.66,19.38657143
216.76,16.0932381
216.86,14.82342857
216.96,14.97009524
217.06,15.02947619
217.16,17.81614286
217.26,21.78642857
217.36,24.4297619
217.46,24.83885714
217.56,23.72403429
217.66,21.02565333
217.72,20.02776381
217.82,16.18843429
217.92,15.18233333
218.02,15.349
218.12,14.87990476
218.22,15.0832381
218.32,15.1067619
218.42,16.3467619
218.52,17.34280952
218.62,19.65280952
218.72,21.66642857
218.82,22.8397619
218.92,21.80885714
219.02,20.40084571
219.12,19.36253524
219.18,13.52409714
219.28,13.17883429
219.38,13.03566667
219.48,13.09233333
219.58,13.02657143
219.68,14.2332381
219.78,15.73342857
219.88,18.17342857
219.98,23.08614286
220.08,26.49947619
220.18,29.0797619
220.28,32.2897619
220.38,31.09885714
220.48,25.71219048
220.58,19.30618381
220.68,14.62863048
220.68,17.61085714
220.78,13.27383429
220.88,12.49566667
220.98,12.689
221.08,14.14657143
221.18,16.41990476
221.28,19.29009524
221.38,22.88009524
221.48,26.40614286
221.5,17.40063429
221.58,29.12059571
221.6,19.279
221.68,27.43285714
221.7,19.10566667
221.8,19.27657143
221.9,17.52990476
222,15.77009524
222.1,13.73009524
222.2,11.41280952
222.3,11.33947619
222.4,11.54309524
222.5,11.47309524
222.6,11.81885714
222.7,12.68156571
222.8,10.70448762
222.81,9.98523048
222.91,12.32763429
223.01,12.63233333
223.11,13.16233333
223.21,13.06657143
223.31,12.95990476
223.41,12.73009524
223.51,12.94009524
223.61,12.95614286
223.71,13.30614286
223.81,13.3797619
223.91,13.64642857
224.01,13.36885714
224.11,13.04876571
224.21,12.49968762
224.21,14.95563048
224.31,15.45123429
224.41,16.969
224.51,18.539
224.61,19.0032381
224.71,18.6332381
224.81,16.37342857
224.91,15.2867619
225.01,14.42280952
225.11,13.98614286
225.21,15.02309524
225.31,16.2797619
225.41,17.97219048
225.51,20.31998762
225.61,20.59752381
225.64,21.82263048
225.74,19.36903429
225.84,16.709
225.94,15.00233333
226.04,13.9832381
226.14,13.47990476
226.24,14.20342857
226.34,14.26009524
226.44,15.97280952
226.54,17.95280952
226.64,19.1797619
226.74,19.35309524
226.84,17.54219048
226.94,15.83156571
227.04,13.40315429
227.07,14.22896381
227.17,13.36123429
227.27,14.55566667
227.37,15.229
227.47,15.69657143
227.57,16.89657143
227.67,18.1967619
227.77,20.0367619
227.87,21.68614286
227.97,20.10280952
228.07,18.28642857
228.17,18.18309524
228.27,18.71552381
228.37,16.20072286
228.47,13.68376381
228.5,15.96569714
228.6,14.57343429
228.7,17.279
228.8,20.18233333
228.9,23.38990476
229,25.28990476
229.1,24.9267619
229.2,21.4267619
229.3,17.29614286
229.4,15.01614286
229.5,13.2397619
229.6,12.8097619
229.7,12.99552381
229.8,13.97248952
229.9,14.68577524
229.93,21.74996381
230.03,21.97963429
230.13,23.94566667
230.23,24.93233333
230.33,22.80990476
230.43,18.7432381
230.53,16.08342857
230.63,15.94009524
230.73,14.42280952
230.83,14.02947619
230.93,13.73309524
231,12.97743429
231.03,14.32572857
231.1,12.419
231.13,14.2910419
231.2,11.54566667
231.3,11.0432381
231.4,12.00657143
231.5,11.9667619
231.6,12.55342857
231.7,13.15280952
231.8,13.64947619
231.9,14.63309524
232,14.57642857
232.1,13.57219048
232.2,13.06309714
232.3,11.77656762
232.3,14.30163048
232.4,12.70383429
232.5,13.00233333
232.6,12.569
232.7,12.0432381
232.8,11.62990476
232.9,11.22009524
233,12.50009524
233.1,14.26614286
233.2,18.21947619
233.3,21.8897619
233.4,23.87309524
233.5,21.35885714
233.6,20.16529714
233.7,17.94596762
233.71,14.94836381
233.81,13.48663429
233.91,12.96566667
234.01,12.139
234.11,11.42990476
234.21,14.2132381
234.31,18.7067619
234.41,25.26009524
234.51,31.86280952
234.61,32.60614286
234.71,31.35309524
234.81,28.87642857
234.91,20.25552381
235.01,16.22885429
235.11,15.47085714
235.13,13.95283048
235.23,12.26683429
235.33,12.83566667
235.43,14.539
235.53,17.09990476
235.63,21.40990476
235.73,25.06009524
235.83,26.41342857
235.93,25.92280952
236.03,21.56280952
236.13,17.2697619
236.23,14.1597619
236.33,12.86885714
236.43,12.0318
236.53,11.40279429
236.54,13.93103048
236.64,14.22003429
236.74,16.98566667
236.84,18.40566667
236.94,19.01657143
237.04,20.09990476
237.14,18.59342857
237.24,16.0167619
237.34,14.21280952
237.44,13.04947619
237.54,12.98642857
237.64,13.2297619
237.74,12.82885714
237.84,12.43092286
237.94,12.81137524
237.99,12.71749714
238.09,14.21243429
238.19,16.57566667
238.29,17.98566667
238.39,18.1732381
238.49,18.0232381
238.59,17.9467619
238.69,16.87009524
238.79,15.58614286
238.89,16.05947619
238.99,15.28642857
239.09,14.52309524
239.19,13.70552381
239.29,14.13263429
239.39,14.55298667
239.45,17.04116381
239.55,19.28543429
239.65,23.30233333
239.75,27.71566667
239.85,27.67990476
239.95,24.60657143
240.05,19.93009524
240.15,16.50009524
240.25,13.51947619
240.35,12.19280952
240.45,11.4797619
240.5,14.93443429
240.55,12.19294286
240.6,16.24566667
240.65,12.09505524
240.7,17.679
240.8,18.7832381
240.9,19.74990476
241,20.03009524
241.1,18.85009524
241.2,16.72947619
241.3,15.52614286
241.4,14.40642857
241.5,13.70309524
241.6,13.26552381
241.7,13.77998762
241.8,11.38419048
241.81,14.18536381
241.91,13.17123429
242.01,13.149
242.11,14.08566667
242.21,14.27657143
242.31,14.46990476
242.41,13.81009524
242.51,13.8467619
242.61,13.59280952
242.71,13.66614286
242.81,14.56309524
242.91,14.77309524
243.01,15.01219048
243.11,15.36209714
243.21,13.33890095
243.21,16.27816381
243.31,15.67923429
243.41,16.02233333
243.51,15.50233333
243.61,14.11657143
243.71,13.16990476
243.81,14.08342857
243.91,15.15342857
244.01,15.58280952
244.11,16.61614286
244.21,17.99642857
244.31,19.27309524
244.41,18.60885714
244.51,17.94378762
244.61,17.82419048
244.63,20.14403048
244.73,17.47663429
244.83,16.09566667
244.93,16.23233333
245.03,14.92657143
245.13,14.3732381
245.23,14.10342857
245.33,15.13009524
245.43,15.45614286
245.53,15.64280952
245.63,16.99309524
245.73,18.24642857
245.83,18.19552381
245.93,18.91889714
246.03,16.26363048
246.03,17.23383429
246.13,17.33223429
246.23,16.14566667
246.33,15.83566667
246.43,15.67990476
246.53,14.39657143
246.63,13.49009524
246.73,14.3767619
246.83,15.14947619
246.93,15.37614286
247.03,16.96309524
247.13,18.04642857
247.23,18.65219048
247.33,20.0363
247.43,19.85379429
247.45,20.49283048
247.55,18.34303429
247.65,15.639
247.75,15.399
247.85,14.37657143
247.95,13.73990476
248.05,13.36342857
248.15,13.56342857
248.25,14.19280952
248.35,14.75280952
248.45,16.01309524
248.55,18.0697619
248.65,19.25219048
248.75,18.86189714
248.84,12.21609714
248.85,15.48983429
248.94,16.23023429
249.04,18.30233333
249.14,18.30566667
249.24,17.11657143
249.34,15.79657143
249.44,15.05009524
249.54,14.4467619
249.64,13.77947619
249.74,13.46614286
249.84,11.6627881
249.94,10.67534048
250,18.49123429
250.1,17.44233333
250.2,19.319
250.3,23.5132381
250.4,27.2732381
250.5,28.71342857
250.6,26.01342857
250.7,21.79280952
250.8,18.75947619
250.9,16.90642857
251,15.4197619
251.1,14.78219048
251.2,15.14248762
251.3,16.69752381
251.32,20.17309714
251.42,20.91563429
251.52,21.56233333
251.62,20.259
251.72,20.23990476
251.82,18.58657143
251.92,17.65009524
252.02,16.0367619
252.12,15.22614286
252.22,15.69947619
252.32,15.9997619
252.42,16.68309524
252.52,17.83219048
252.62,17.02815619
252.72,16.12493048
252.75,16.37989714
252.85,15.40563429
252.95,15.659
253.05,15.89566667
253.15,15.5832381
253.25,17.2232381
253.35,18.64342857
253.45,20.56009524
253.55,21.74614286
253.65,22.33947619
253.75,22.2897619
253.85,19.8597619
253.95,17.05219048
254.05,15.53343429
254.15,13.92788667
254.19,14.46149714
254.29,14.29983429
254.39,15.669
254.49,17.269
254.59,19.45990476
254.69,22.21990476
254.79,25.06342857
254.89,25.8967619
254.99,25.84947619
255.09,24.67280952
255.19,20.74309524
255.29,17.12642857
255.39,15.85885714
255.49,14.45223429
255.59,12.71758667
255.63,13.99643048
255.73,13.05343429
255.83,13.26233333
255.93,14.909
256.03,16.43657143
256.13,20.27990476
256.23,22.55342857
256.33,26.66009524
256.43,28.40614286
256.53,30.32280952
256.63,25.2597619
256.73,21.1297619
256.83,15.99552381
256.93,13.35403429
257.03,11.14818667
257.08,13.09536381
257.18,12.35803429
257.28,13.639
257.38,13.55566667
257.48,14.8332381
257.58,17.48657143
257.68,18.6067619
257.78,20.39342857
257.88,22.58614286
257.98,22.87947619
258.08,23.5297619
258.18,19.6197619
258.28,16.72885714
258.38,15.31243429
258.48,14.11852
258.53,14.21443048
258.63,12.66963429
258.73,12.48233333
258.83,13.60566667
258.93,14.20990476
259.03,16.0532381
259.13,16.9067619
259.23,17.29342857
259.33,17.91280952
259.43,17.87947619
259.5,15.71723429
259.53,18.6097619
259.6,18.72233333
259.63,18.48675
259.7,21.80566667
259.73,25.52934857
259.8,23.01657143
259.9,22.52990476
260,21.20342857
260.1,18.73009524
260.2,16.58614286
260.3,14.74280952
260.4,15.63642857
260.5,15.8597619
260.6,17.00885714
260.7,19.65763429
260.8,21.21628667
260.86,29.32909714
260.96,28.27243429
261.06,27.00233333
261.16,23.53566667
261.26,19.6032381
261.36,17.45990476
261.46,16.58009524
261.56,16.37342857
261.66,16.97947619
261.76,19.22947619
261.86,23.9597619
261.96,29.59642857
262.06,30.17552381
262.16,32.36996571
262.26,30.69222095
262.29,23.77736381
262.39,19.89343429
262.49,16.60566667
262.59,14.659
262.69,14.51657143
262.79,14.4032381
262.89,16.25009524
262.99,19.10009524
263.09,21.85280952
263.19,23.14947619
263.29,24.27309524
263.39,21.26309524
263.49,16.66219048
263.59,13.20783429
263.69,12.46932
263.75,13.26249714
263.85,11.82603429
263.95,12.069
264.05,11.97566667
264.15,12.9832381
264.25,14.1732381
264.35,15.4867619
264.45,17.06342857
264.55,17.03614286
264.65,16.78280952
264.75,16.9797619
264.85,16.96309524
264.95,16.85219048
265.05,15.62735619
265.15,16.2146419
265.2,18.60349714
265.3,17.10803429
265.4,16.34233333
265.5,15.76566667
265.6,15.71657143
265.7,14.4032381
265.8,13.92009524
265.9,14.4567619
266,14.84614286
266.1,15.04280952
266.2,16.85309524
266.3,18.94642857
266.4,19.77885714
266.5,20.40903429
266.6,18.73884
266.65,17.83323048
266.75,17.04343429
266.85,15.669
266.95,15.37233333
267.05,14.94990476
267.15,15.45990476
267.25,16.3567619
267.35,17.8767619
267.45,20.81614286
267.55,25.38947619
267.65,28.4897619
267.75,30.33642857
267.85,27.70885714
267.95,24.8348
268.05,20.82039429
268.08,15.23903048
268.18,13.55503429
268.28,13.50233333
268.38,13.48566667
268.48,13.44657143
268.58,14.84990476
268.68,16.40342857
268.78,19.44009524
268.88,20.68947619
268.98,20.28280952
269,15.34863429
269.08,19.50285952
269.1,13.99566667
269.18,19.35152143
269.2,13.259
269.3,12.67657143
269.4,13.28657143
269.5,14.66009524
269.6,15.2367619
269.7,16.20280952
269.8,15.85280952
269.9,15.13642857
270,14.4497619
270.1,13.24219048
270.2,12.87165429
270.3,12.55085714
270.33,13.37876381
270.43,11.78423429
270.53,11.96233333
270.63,12.63566667
270.73,13.07990476
270.83,13.12657143
270.93,13.62342857
271.03,13.74009524
271.13,14.40614286
271.23,15.04280952
271.33,15.1097619
271.43,14.81642857
271.53,13.55552381
271.63,12.38163429
271.73,11.73324
271.77,14.411
271.87,13.737
271.97,14.306
272.07,14.412
272.17,15.43
272.27,17.49
272.37,18.797
272.47,21.733
272.57,22.879
272.67,22.616
272.77,21.696
272.87,18.776
272.97,15.076
273.07,13.107
273.17,12.011
273.22,13.35
273.32,12.483
273.42,13.276
273.52,15.692
273.62,19.53
273.72,24.023
273.82,22.423
273.92,21.007
274.02,20.606
274.12,18.113
274.22,17.476
274.32,16.826
274.42,15.922
274.52,16.098
274.62,15.531
274.66,14.2
274.76,13.756
274.86,14.689
274.96,14.969
275.06,16.62
275.16,19.303
275.26,21.587
275.36,21.72
275.46,21.163
275.56,19.756
275.66,17.44
275.76,16.3
275.86,13.842
275.96,13.024
276.06,13.953
276.14,15.442
276.24,15.9
276.34,15.256
276.44,15.339
276.54,15.887
276.64,17.413
276.74,16.78
276.84,15.6
276.94,14.073
277.04,14.149
277.14,13.99
277.24,14.86
277.34,15.552
277.44,16.73
277.54,17.816
277.59,24.053
277.69,23.123
277.79,23.932
277.89,23.682
277.99,20.9
278.09,17.693
278.19,15.733
278.29,13.68
278.39,13.526
278.49,15.613
278.5,15.318
278.59,19.79
278.6,14.186
278.69,24.17
278.7,15.516
278.79,25.536
278.8,21.793
278.89,28.976
278.9,26.973
278.99,28.006
279,28.54
279.1,30.687
279.2,33.679
279.3,35.809
279.4,38.516
279.5,32.013
279.6,24.046
279.7,18.436
279.8,14.525
279.84,13.241
279.94,12.145
280.04,11.546
280.14,13.526
280.24,14.817
280.34,17.163
280.44,19.753
280.54,23.98
280.64,25.553
280.74,24.089
280.84,21.72
280.94,17.836
281.04,13.662
281.14,13.742
281.24,12.549
281.32,13.422
281.42,13.012
281.52,13.296
281.62,14.026
281.72,15.117
281.82,16.293
281.92,17.44
282.02,18.637
282.12,17.963
282.22,18.376
282.32,19.33
282.42,19.456
282.52,18.462
282.62,17.257
282.72,17.381
282.79,17.012
282.89,14.433
282.99,14.162
283.09,12.566
283.19,12.02
283.29,12.277
283.39,12.32
283.49,13.183
283.59,13.646
283.69,14.999
283.79,17.726
283.89,19.64
283.99,21.652
284.09,23.236
284.19,23.789
284.26,24.453
284.36,25.308
284.46,25.276
284.56,21.972
284.66,18.777
284.76,18.09
284.86,17.427
284.96,15.937
285.06,15.463
285.16,15.769
285.26,17.393
285.36,19.73
285.46,23.319
285.56,25.618
285.66,28.836
285.72,38.456
285.82,36.8
285.92,37.369
286.02,36.466
286.12,35.623
286.22,31.807
286.32,26.34
286.42,22.817
286.52,16.939
286.62,14.009
286.72,13.286
286.82,13.313
286.92,13.652
287.02,14.981
287.12,15.789
287.17,19.795
287.27,19.734
287.37,22.572
287.47,30.132
287.57,35.457
287.67,34.107
287.77,34.14
287.87,34.98
287.97,32.249
288,24.442
288.07,27.496
288.1,21.739
288.17,23.15
288.2,21.749
288.27,17.781
288.3,21.16
288.37,14.804
288.4,19.783
288.5,18.193
288.6,16.32
288.7,15.373
288.8,14.546
288.9,15.69
289,17.94
289.1,20.026
289.2,19.343
289.3,15.696
289.33,14.847
289.43,13.897
289.53,13.732
289.63,12.629
289.73,12.927
289.83,13.64
289.93,14.19
290.03,16.74
290.13,18.763
290.23,22.389
290.33,24.996
290.43,26.79
290.53,28.132
290.63,25.815
290.73,20.62
290.79,17.354
290.89,15.634
290.99,15.299
291.09,15.456
291.19,14.927
291.29,15.27
291.39,16.73
291.49,19.443
291.59,23.299
291.69,27.679
291.79,32.313
291.89,32.326
291.99,31.339
292.09,27.756
292.19,22.79
292.25,22.033
292.35,18.411
292.45,16.006
292.55,14.356
292.65,14.343
292.75,14.043
292.85,15.033
292.95,16.08
293.05,18.636
293.15,20.013
293.25,22.323
293.35,24.57
293.45,24.376
293.55,22.171
293.65,18.965
293.7,15.559
293.8,13.958
293.9,14.192
294,14.302
294.1,15.19
294.2,14.723
294.3,14.123
294.4,15.07
294.5,16.603
294.6,19.689
294.7,21.756
294.8,23.726
294.9,22.652
295,21.582
295.1,18.999
295.2,17.198
295.2,19.265
295.3,18.031
295.4,17.002
295.5,17.089
295.6,17.64
295.7,18.077
295.8,18.773
295.9,19.497
296,21.173
296.1,23.143
296.2,23.733
296.3,22.85
296.4,21.852
296.5,20.788
296.6,17.584
296.66,15.784
296.76,14.961
296.86,15.812
296.96,14.479
297.06,14.46
297.16,15.203
297.26,15.587
297.36,16.763
297.46,18.676
297.5,15.432
297.56,20.053
297.6,15.822
297.66,22.833
297.7,16.186
297.76,23.373
297.8,17.32
297.86,23.441
297.9,18.593
297.96,22.577
298,20.113
298.1,19.807
298.2,17.856
298.3,16.309
298.4,15.186
298.5,14.96
298.6,14.139
298.7,14.096
298.8,13.211
298.82,15.915
298.92,17.325
299.02,20.652
299.12,23.709
299.22,23.947
299.32,26.727
299.42,27.28
299.52,24.77
299.62,22.259
299.72,19.636
299.82,17.81
299.92,17.273
300.02,15.252
300.12,15.175
300.22,13.731
300.24,13.023
300.34,15.679
300.44,17.989
300.54,21.136
300.64,22.76
300.74,24.197
300.84,26.53
300.94,27.533
301.04,25.896
301.14,20.149
301.24,17.44
301.34,15.096
301.44,14.452
301.54,14.153
301.64,13.068
301.68,10.378
301.78,12.894
301.88,15.762
301.98,18.102
302.08,19.263
302.18,22.1
302.28,24.287
302.38,24.65
302.48,23.693
302.58,21.669
302.68,19.25
302.78,15.986
302.88,13.646
302.98,12.455
303.08,14.438
303.11,13.43
303.21,13.525
303.31,14.012
303.41,14.216
303.51,13.257
303.61,13.713
303.71,14.817
303.81,16.693
303.91,17.309
304.01,18.899
304.11,18.62
304.21,17.37
304.31,14.589
304.41,12.256
304.51,12.159
304.59,13.691
304.61,12.394
304.69,13.224
304.79,13.669
304.89,13.226
304.99,13.097
305.09,12.533
305.19,13.74
305.29,14.737
305.39,14.416
305.49,13.679
305.59,14.566
305.69,15.073
305.79,15.282
305.89,14.082
305.99,14.237
306.09,12.158
306.09,13.913
306.19,15.098
306.29,17.399
306.39,18.859
306.49,18.42
306.59,19.877
306.69,19.507
306.79,19.517
306.89,18.189
306.99,15.979
307,15.368
307.09,13.26
307.1,18.186
307.19,12.499
307.2,21.489
307.29,11.327
307.3,24.12
307.4,23.13
307.5,18.947
307.6,15.14
307.7,12.899
307.8,11.786
307.9,11.126
308,10.963
308.1,10.416
308.2,10.67
308.3,9.362
308.34,10.116
308.44,11.967
308.54,13.796
308.64,15.666
308.74,16.937
308.84,17.533
308.94,18.607
309.04,19.023
309.14,18.946
309.24,15.749
309.34,14.006
309.44,12.533
309.54,11.382
309.64,10.957
309.74,10.876
309.82,13.066
309.92,10.853
310.02,10.279
310.12,10.606
310.22,11.457
310.32,11.69
310.42,11.723
310.52,12.667
310.62,13.253
310.72,13.463
310.82,14.713
310.92,14.27
311.02,13.449
311.12,12.599
311.22,13.325
311.3,15.457
311.4,12.977
311.5,11.942
311.6,13.162
311.7,12.217
311.8,11.643
311.9,11.04
312,11.687
312.1,10.313
312.2,11.256
312.3,11.503
312.4,11.786
312.5,10.852
312.6,11.439
312.7,12.693
312.77,11.003
312.87,13.631
312.97,15.162
313.07,16.419
313.17,19.143
313.27,19.78
313.37,19.4
313.47,18.693
313.57,17.649
313.67,15.859
313.77,14.713
313.87,13.853
313.97,12.272
314.07,11.669
314.17,10.319
314.24,10.101
314.27,8.681
314.34,9.113
314.44,9.359
314.54,11.606
314.64,11.967
314.74,12.707
314.84,14.907
314.94,28.78
315.04,32.443
315.14,19.213
315.24,16.496
315.34,13.08
315.44,11.449
315.54,10.072
315.64,10.436
315.74,11.524
315.79,11.468
315.89,10.925
315.99,11.732
316.09,11.899
316.19,11.5
316.29,11.303
316.39,11.833
316.49,13.67
316.5,10.162
316.59,13.696
316.6,10.759
316.69,13.469
316.7,11.509
316.79,15.933
316.8,12.147
316.89,17.53
316.9,11.573
316.99,16.832
317,12.833
317.09,15.386
317.1,13.593
317.2,14.049
317.3,14.716
317.4,15.27
317.5,14.37
317.6,13.676
317.7,13.796
317.8,12.06
317.81,14.302
317.91,14.839
318.01,14.986
318.11,14.579
318.21,14.167
318.31,13.883
318.41,14.347
318.51,16.033
318.61,17.176
318.71,16.716
318.81,16.543
318.91,14.37
319.01,13.529
319.11,12.973
319.21,14.144
319.23,10.712
319.33,11.093
319.43,12.596
319.53,13.202
319.63,13.24
319.73,12.287
319.83,12.38
319.93,14.797
320.03,16.913
320.13,18.366
320.23,18.713
320.33,19.71
320.43,18.746
320.53,16.105
320.63,13.103
320.69,14.222
320.79,14.448
320.89,14.546
320.99,14.219
321.09,13.943
321.19,13.483
321.29,12.537
321.39,12.447
321.49,12.453
321.59,12.673
321.69,12.973
321.79,12.726
321.89,12.256
321.99,11.821
322.09,10.347
322.16,10.254
322.26,9.717
322.36,10.169
322.46,10.056
322.56,10.26
322.66,9.987
322.76,10.323
322.86,11.273
322.96,11.363
323.06,12.119
323.16,12.986
323.26,14.206
323.36,13.762
323.46,13.762
323.56,12.578
323.63,14.352
323.73,13.232
323.83,13.472
323.93,13.579
324.03,13.383
324.13,15.25
324.23,15.73
324.33,15.65
324.43,15.826
324.53,14.939
324.63,15.246
324.73,14.596
324.83,15.489
324.93,15.976
325.03,15.239
325.13,14.69
325.16,16.104
325.26,14.984
325.36,14.579
325.46,14.152
325.56,13.02
325.66,11.737
325.76,12.213
325.86,13.59
325.96,14.179
326,19.377
326.06,15.139
326.1,20.229
326.16,17.78
326.2,22.966
326.26,19.4
326.3,24.673
326.36,18.478
326.4,23.607
326.46,20.754
326.5,20.38
326.6,16.867
326.7,15.023
326.8,13.693
326.9,13.676
327,13.37
327.1,12.019
327.2,11.442
327.3,11.187
327.38,11.853
327.48,14.741
327.58,16.822
327.68,18.159
327.78,18.827
327.88,20.617
327.98,22.183
328.08,22.66
328.18,22.113
328.28,20.349
328.38,17.906
328.48,15.516
328.58,11.852
328.68,10.799
328.78,11.439
328.88,13.163
328.93,10.85
329.03,11.127
329.13,11.606
329.23,12.802
329.33,12.557
329.43,13.173
329.53,12.123
329.63,12.36
329.73,13.483
329.83,13.289
329.93,12.506
330.03,12.433
330.13,11.786
330.23,12.096
330.33,11.829
330.43,12.283
330.46,13.662
330.56,13.335
330.66,12.456
330.76,12.516
330.86,12.04
330.96,12.477
331.06,12.63
331.16,13.153
331.26,16.089
331.36,19.339
331.46,19.78
331.56,21.343
331.66,23.796
331.76,24.958
331.86,23.355
331.93,21.844
332.03,26.376
332.13,28.876
332.23,28.406
332.33,25.32
332.43,21.62
332.53,17.587
332.63,14.707
332.73,14.219
332.83,14.269
332.93,13.466
333.03,13.473
333.13,14.499
333.23,14.836
333.33,13.793
333.43,11.922
333.43,17.666
333.53,18.138
333.63,19.806
333.73,21.682
333.83,22.923
333.93,25.033
334.03,25.913
334.13,26.04
334.23,24.046
334.33,22.919
334.43,23.346
334.53,22.793
334.63,19.776
334.73,16.485
334.83,15.803
334.9,13.524
335,15.622
335.1,16.286
335.2,16.379
335.3,16.56
335.4,17.513
335.5,17.63
335.6,17.337
335.7,18.666
335.8,18.506
335.9,20.106
336,20.526
336.1,20.077
340,8.991
340.1,10.579
340.2,11.936
340.3,12.97
340.4,13.86
340.5,15.44
340.6,16.507
340.7,16.529
340.8,15.313
340.9,14.776
341,14.086
341.1,13.309
341.2,12.919
341.3,11.79
341.32,14.171
341.42,12.274
341.52,12.956
341.62,16.082
341.72,17.763
341.82,17.687
341.92,17.56
342.02,17.84
342.12,17.533
342.22,16.766
342.32,15.283
342.42,13.423
342.52,12.412
342.62,11.018
342.72,10.03
342.74,13.531
342.84,11.875
342.94,13.242
343.04,14.096
343.14,13.497
343.24,12.277
343.34,11.857
343.44,12.243
343.54,12.703
343.64,13.226
343.74,13.583
343.84,13.28
343.94,12.669
344.04,11.386
344.14,9.771
344.15,11.918
344.25,11.64
344.35,12.809
344.45,13.339
344.55,13.293
344.65,13.533
344.75,12.71
344.85,12.053
344.95,11.319
345.05,10.929
345.15,10.776
345.25,12.03
345.35,11.772
345.45,12.109
345.55,12.898
345.57,14.113
345.67,13.996
345.77,15.209
345.87,15.742
345.97,16.26
346.07,17.26
346.17,16.047
346.27,16.41
346.37,16.173
346.47,14.073
346.57,15.04
346.67,14.35
346.77,13.662
346.87,13.729
346.97,14.298
346.99,13.015
347.09,12.198
347.19,12.482
347.29,13.292
347.39,12.777
347.49,12.657
347.59,12.357
347.69,10.157
347.79,9.893
347.89,10.459
347.99,11.956
348.09,10.923
348.19,11.459
348.29,11.545
348.39,11.164
348.41,14.868
348.51,13.532
348.61,13.729
348.71,14.296
348.81,14.817
348.91,14.91
349.01,14.963
349.11,15.97
349.21,17.696
349.31,15.629
349.7,10.595
349.8,11.192
349.9,12.062
350,13.293
350.1,14.383
350.2,13.863
350.3,15.257
350.4,14.793
350.5,16.316
350.6,17.393
350.7,17.926
350.8,17.782
350.9,16.376
351,15.427
351.1,14.65
351.1,14.8
351.2,14.292
351.3,15.876
351.4,16.346
351.5,16.243
351.6,16.273
351.7,16.653
351.8,16.4
351.9,15.163
352,13.289
352.1,12.01
352.2,11.51
352.3,10.389
352.4,9.537
352.5,9.288
352.6,14.323
352.7,13.566
352.8,14.966
352.9,15.909
353,17.937
353.1,18.93
353.2,19.253
353.3,18.983
353.4,18.989
353.5,17.636
353.6,17.956
353.7,17.046
353.8,14.249
353.9,13.832
354,13.518
354.1,13.691
354.1,14.868
354.2,14.558
354.3,15.072
354.4,14.846
354.5,15.77
354.6,16.057
354.7,15.943
354.8,15.663
354.9,16.539
355,15.533
355.1,14.9
355.2,15.133
355.3,16.416
355.4,17.172
355.5,16.977
355.6,18.513
355.6,19.134
355.7,19.217
355.8,21.326
355.9,21.122
356,21.127
356.1,21.347
356.2,22.147
356.3,21.95
356.4,20.609
356.5,17.916
356.6,15.1
356.7,14.293
356.8,13.291
359.4,13.479
359.5,12.349
359.6,12.982
359.7,13.127
359.8,15.103
359.9,16.867
360,17.113
360.1,18.716
360.2,18.243
360.3,17.96
360.4,16.34
360.5,15.236
360.6,12.946
360.7,10.54
360.8,8.666
360.8,12.95
360.9,13.578
361,14.536
361.1,15.099
361.2,15.28
361.3,15.343
361.4,14.253
361.5,14.033
361.6,13.666
361.7,12.896
361.8,13.276
361.9,13.056
362,14.116
362.1,15.272
362.2,16.088
362.3,15.446
362.3,18.415
362.4,17.393
362.5,18.369
362.6,17.972
362.7,18.45
362.8,17.953
362.9,15.633
363,13.05
363.1,13.026
363.2,13.136
363.3,14.316
363.4,16.16
363.5,16.992
363.6,18.162
363.7,16.029
363.8,15.588
363.8,17.164
363.9,14.988
364,15.466
364.1,15.199
364.2,14.75
364.3,15.45
364.4,14.357
364.5,13.885
364.6,13.375
364.62,13.611
364.72,12.727
364.82,13.296
364.92,13.566
365.02,13.913
365.12,14
365.22,14.467
365.32,13.647
369.1,16.337
369.2,17.702
369.3,16.936
369.4,15.953
369.5,15.967
369.6,15.693
369.7,15.043
369.8,14.406
369.9,13.956
370,14.203
370.1,14.273
370.2,13.216
370.3,13.422
370.4,13.283
370.5,11.726
370.5,17.92
370.6,16.572
370.7,16.039
370.8,16.022
370.9,16.823
371,17.34
371.1,17.623
371.2,16.863
371.3,16.493
371.4,16.173
371.5,16.353
371.6,16.08
371.7,15.429
371.8,14.742
371.9,14.43
372,14.444
372,16.721
372.1,16.264
372.2,16.539
372.3,16.842
372.4,17.3
372.5,17.93
372.6,19.537
372.7,20.13
372.8,21.359
372.9,20.396
373,19.286
373.1,17.11
373.2,14.816
373.3,12.802
373.4,11.471
373.5,10.788
373.5,12.514
373.6,12.092
373.7,13.462
373.8,13.419
373.9,14.43
374,14.633
374.1,14.04
374.2,14.29
374.3,14.216
374.4,14.266
374.5,14.056
374.6,13.843
374.7,13.402
374.8,13.536
374.9,14.129
375,15.798
375,18.153
375.1,17.013
375.2,18.396
375.3,18.629
375.4,18.2
375.5,17.983
375.6,17.32
375.7,17.767
375.8,17.179
375.9,15.349
376,14.146
376.1,13.163
376.2,12.899
376.3,13.559
376.4,13.378
376.5,12.598
376.5,13.902
376.6,14.573
376.7,14.819
376.8,15.029
376.9,15.023
377,14.917
377.1,15.95
377.2,16.937
377.3,17.786
377.4,17.983
377.5,17.656
377.6,17.82
377.7,16.56
377.71,17.303
377.81,16.348
377.91,16.556
378.01,16.896
378.11,16.9
378.21,16.14
378.31,17.117
378.41,17.44
378.8,15.303
378.9,16.209
379,17.056
379.1,16.317
379.2,14.673
379.3,14.893
379.4,14.88
379.5,14.709
379.6,13.886
379.7,14.54
379.8,15.143
379.9,15.306
380,14.958
380.1,13.919
380.13,18.189
380.23,17.838
380.33,19.299
380.43,19.139
380.53,19.3
380.63,20.053
380.73,19.743
380.83,20.157
380.93,19.923
381.03,19.599
381.13,19.86
381.23,19.643
381.33,19.536
381.43,19.672
381.53,19.208
381.63,18.691
381.63,19.941
381.73,19.635
381.83,19.886
381.93,19.392
382.03,18.967
382.13,18.703
382.23,18.87
382.33,19.08
382.43,18.916
382.53,18.669
382.63,18.743
382.73,18.836
382.83,19.679
382.93,19.739
383.03,18.763
383.13,19.363
383.13,20.805
383.23,20.011
383.33,20.796
383.43,20.229
383.53,20.73
383.63,21.047
383.73,20.263
383.83,21.807
383.93,21.146
384.03,20.593
384.13,21.426
384.23,21.453
384.33,20.719
384.43,19.936
384.53,20.044
384.63,18.792
384.63,19.784
384.73,18.088
384.83,17.006
384.93,17.259
385.03,16.47
385.13,16.983
385.23,17.05
385.33,17.287
385.43,17.729
385.53,18.486
385.63,20.496
385.73,20.923
385.83,20.439
385.93,20.772
386.03,20.553
386.13,19.857
386.13,23.937
386.23,22.299
386.33,24.059
386.43,25.426
386.53,25.45
386.63,26.363
386.73,25.867
386.83,27.06
386.93,26.803
387.03,26.656
387.13,26.56
387.23,28.051
387.33,24.867
387.33,27.153
387.43,24.83
387.53,25.879
387.63,25.552
387.73,24.573
387.83,22.453
387.93,20.32
388.03,18.941
388.13,18.806
388.5,13.285
388.6,13.582
388.7,13.496
388.8,13.8
388.9,15.743
389,17.177
389.1,18.553
389.2,19.206
389.3,19.046
389.4,19.88
389.5,22.98
389.6,23.629
389.7,23.252
389.8,21.45
389.9,18.92
389.9,19.824
390,20.828
390.1,22.249
390.2,21.619
390.3,21.743
390.4,22.317
390.5,22.173
390.6,22
390.7,21.529
390.8,20.983
390.9,22.66
391,23.176
391.1,21.466
391.2,20.309
391.3,18.288
391.4,14.269
391.4,19.948
391.5,18.126
391.6,17.766
391.7,19.296
391.8,21.41
391.9,22.23
392,20.433
392.1,21.123
392.2,22.243
392.3,22.019
392.4,22.45
392.5,23.043
392.6,21.896
392.7,22.676
392.8,20.796
392.9,20.002
392.9,23.908
393,22.078
393.1,22.319
393.2,21.889
393.3,22.23
393.4,21.16
393.5,20.903
393.6,21.96
393.7,22.179
393.8,23.366
393.9,24.65
394,23.346
394.1,22.422
394.2,22.416
394.3,21.659
394.4,20.874
394.4,24.584
394.5,23.116
394.6,23.856
394.7,23.072
394.8,23.227
394.9,24.067
395,23.503
395.1,23.823
395.2,24.083
395.3,24.483
395.4,24.993
395.5,25.096
395.6,24.229
395.7,23.562
395.8,24.334
395.9,23.883
395.9,25.434
396,22.709
396.1,21.169
396.2,18.982
396.3,19.06
396.4,18.043
396.5,16.653
396.6,16.513
396.7,18.406
396.8,19.505
396.9,17.142
396.9,21.946
397,20.175
397.1,21.266
397.2,22.096
397.3,22.747
397.4,22.753
397.5,22.453
397.6,21.283
397.7,22.491
397.8,24.518
398.2,17.173
398.3,15.542
398.4,16.412
398.5,17.107
398.6,19.09
398.7,20.467
398.8,22.527
398.9,22.563
399,19.939
399.1,19.65
399.2,20.496
399.3,19.686
399.4,19.652
399.5,19.01
399.6,17.997
399.6,19.817
399.7,18.886
399.8,18.356
399.9,18.359
400,19.92
400.1,21.457
400.2,21.25
400.3,20.25
400.4,19.269
400.5,18.599
400.6,18.503
400.7,17.85
400.8,18.622
400.9,18.949
401,16.033
401.1,14.958
401.1,20.573
401.2,19.992
401.3,18.079
401.4,16.346
401.5,15.873
401.6,18.083
401.7,19.51
401.8,19.107
401.9,17.776
402,18.729
402.1,19.12
402.2,17.616
402.3,17.242
402.4,18.032
402.5,19.181
402.6,18.527
402.6,19.839
402.7,19.605
402.8,20.582
402.9,20.799
403,19.79
403.1,19.49
403.2,19.833
403.3,19.507
403.4,18.313
403.5,16.533
403.6,15.276
403.7,14.1
403.8,15.332
403.9,15.122
404,14.796
404.1,15.366
404.1,17.172
404.2,15.938
404.3,16.102
404.4,16.969
404.5,16.773
404.6,16.207
404.7,15.887
404.8,17.673
404.9,18.049
405,18.529
405.1,19.333
405.2,20.293
405.3,20.016
405.4,18.416
405.5,18.493
405.6,18.106
405.6,20.224
405.7,18.818
405.8,16.952
405.9,15.406
406,14.18
406.1,14.15
406.2,14.82
406.3,16.02
406.4,17.156
406.5,19.339
406.6,21.596
406.7,21.663
406.8,20.296
406.9,19.666
407,19.313
407.1,20.451
407.1,21.808
407.2,21.09
407.3,22.862
407.4,22.099
407.5,21.892
407.6,22.113
407.9,20.935
408,21.662
408.1,20.799
408.2,21.98
408.3,21.977
408.4,22.727
408.5,24.113
408.6,24.379
408.7,23.653
408.8,22.936
408.9,23.213
409,21.716
409.1,22.012
409.2,21.188
409.3,21.946
409.3,22.138
409.4,18.613
409.5,17.742
409.6,17.509
409.7,17.133
409.8,16.687
409.9,16.297
410,15.697
410.1,16.946
410.2,17.829
410.3,19.036
410.4,19.85
410.5,19.356
410.6,18.909
410.7,18.501
410.8,18.28
410.8,22.368
410.9,20.03
411,19.526
411.1,19.849
411.2,20.533
411.3,20.407
411.4,19.503
411.5,20.22
411.6,20.436
411.7,20.419
411.8,20.886
411.9,20.06
412,18.509
412.1,17.862
412.2,18.915
412.3,20.242
412.3,21.743
412.4,19.677
412.5,19.409
412.6,18.339
412.7,18.563
412.8,17.62
412.9,17.863
413,18.19
413.1,18.273
413.2,18.123
413.3,19.246
413.4,20.546
413.5,20.672
413.6,21.358
413.7,21.076
413.76,21.125
413.86,20.714
413.96,20.636
414.06,21.662
414.16,22.003
414.26,21.75
414.36,21.02
414.46,20.9
414.56,21.289
414.66,21.236
414.76,22.386
414.86,21.51
414.96,19.532
415.06,20.317
415.16,20.672
415.26,20.725
415.36,19.57
415.46,19.049
415.56,17.996
415.66,18.28
415.76,19.11
415.86,18.867
415.96,18.733
416.06,18.433
416.16,19.226
416.26,20.446
416.36,20.27
416.46,19.939
416.56,19.496
416.66,19.299
416.76,16.943
416.76,20.616
416.86,20.441
416.96,20.866
417.06,21.156
417.16,21.073
417.26,22.029
417.6,18.362
417.7,19.519
417.8,19.916
417.9,20.137
418,19.323
418.1,17.08
418.2,16.263
418.3,16.846
418.4,16.949
418.5,16.573
418.6,15.623
418.7,15.942
418.8,17.542
418.9,17.885
419,17.067
419,20.951
419.1,20
419.2,19.026
419.3,18.939
419.4,19.367
419.5,18.987
419.6,18.927
419.7,19.297
419.8,20.069
419.9,20.136
420,20.493
420.1,20.12
420.2,19.899
420.3,19.569
420.4,19.926
420.5,18.487
420.5,20.94
420.6,18.62
420.7,18.929
420.8,18.796
420.9,18.693
421,18.293
421.1,17.993
421.2,17.353
421.3,16.336
421.4,16.343
421.5,15.333
421.6,16.093
421.7,15.286
421.8,17.959
421.9,18.082
422,14.854
422,16.884
422.1,15.383
422.2,16.969
422.3,18.649
422.4,19.097
422.5,19.227
422.6,18.468
422.6,19.847
422.7,19.167
422.7,20.486
422.8,18.666
422.8,21.402
422.9,18.446
422.9,19.537
423,17.766
423,18.197
423.1,17.787
423.1,18.753
423.2,17.343
423.2,18.566
423.3,15.639
423.3,19.157
423.4,15.723
423.5,14.843
423.6,14.426
423.7,14.546
423.8,14.529
423.9,14.853
424,14.778
424,17.819
424.1,16.88
424.2,17.002
424.3,16.082
424.4,17.49
424.5,17.5
424.6,17.833
424.7,19.033
424.8,19.516
424.9,19.676
425,20.743
425.1,21.296
425.2,20.626
425.3,19.643
425.4,18.442
425.5,20.871
425.6,19.829
425.7,19.576
425.8,20.216
425.9,20.87
426,21.633
426.1,20.29
426.2,20.06
426.3,19.243
426.4,17.629
426.5,17.453
426.6,17.413
426.7,17.552
426.8,18.082
426.9,16.545
427,18.011
427,20.747
427.1,20.247
427.2,20.436
427.3,21.096
427.4,22.043
427.5,21.79
427.6,20.19
427.7,20.83
427.8,20.753
427.9,21.546
428,21.61
428.1,20.185
428.2,17.551
428.21,20.159
428.31,19.396
428.41,20.062
428.51,19.012
428.6,20.752
428.61,19.143
428.7,22.086
428.71,19.613
428.8,22.682
428.81,20.481
428.9,22.75
428.91,20.667
429,21.21
429.1,20.48
429.2,19.607
429.3,17.983
429.4,17.559
429.5,17.04
429.6,15.716
429.7,15.632
429.8,16.389
429.9,16.977
430,14.589
430,17.535
430.1,17.667
430.2,18.629
430.3,19.629
430.4,19.033
430.5,19.26
430.6,18.45
430.7,19.167
430.8,19.846
430.9,19.009
431,19.16
431.1,19.116
431.2,17.786
431.3,19.032
431.4,20.059
431.5,20.3
431.5,20.377
431.6,18.484
431.7,17.749
431.8,18.532
431.9,19.16
432,19.14
432.1,18.907
432.2,18.957
432.3,18.946
432.4,18.803
432.5,19.296
432.6,18.436
432.7,16.362
432.8,16.512
432.9,16.84
433,15.831
433,18.683
433.1,17.347
433.2,16.789
433.3,16.739
433.4,17.57
433.5,17.733
433.6,18.587
433.7,18.21
433.8,18.583
433.9,18.239
434,18.466
434.1,17.06
434.2,16.992
434.3,16.619
434.4,17.068
434.5,16.108
434.5,17.942
434.6,19.046
434.7,19.046
434.8,19.202
434.9,19.197
435,19.307
435.1,19.623
435.2,18.733
435.3,18.716
435.4,19.713
435.5,19.28
435.6,19.416
435.7,18.986
435.8,19.697
435.9,19.545
436,21.866
436.1,19.7
436.2,20.086
436.3,20.142
436.4,20.527
436.5,21.893
436.6,21.493
436.7,21.073
436.8,22.179
436.9,22.596
437,22.893
437.1,22.786
437.2,22.402
437.3,19.493
437.31,21.328
437.41,18.525
437.51,16.986
437.61,17.502
437.71,18.567
437.81,18.826
437.91,19.312
438.3,19.095
438.4,19.732
438.5,20.656
438.6,21.837
438.7,23.523
438.8,22.303
438.9,22.257
439,21.593
439.1,21.323
439.2,21.533
439.3,21.373
439.4,20.549
439.5,20.972
439.6,21.191
439.7,22.037
439.7,25.078
439.8,22.428
439.9,23.602
440,24.702
440.1,25.593
440.2,26.083
440.3,26.037
440.4,25.327
440.5,26.773
440.6,25.449
440.7,25.456
440.8,25.186
440.9,23.279
441,21.539
441.1,19.475
441.2,16.503
441.2,18.448
441.3,15.368
441.4,16.272
441.5,17.232
441.6,17.463
441.7,16.267
441.8,16.273
441.9,16.757
442,17.129
442.1,17.843
442.2,20.42
442.3,20.65
442.4,19.342
442.5,17.882
442.6,17.809
442.7,17.99
442.7,19.483
442.8,18.525
442.9,18.779
443,19.312
443.1,20.363
443.2,20.42
443.3,20.007
443.4,18.66
443.5,16.836
443.6,15.436
443.7,16.8
443.8,18.156
443.9,17.899
444,16.062
444.1,14.532
444.2,15.363
444.23,16.365
444.33,16.793
444.43,17.856
444.53,17.912
444.63,17.017
444.73,18.6
444.83,19.707
444.93,19.427
445.03,18.799
445.13,18.973
445.23,19.833
445.33,21.116
445.43,20.782
445.53,20.632
445.63,20.021
445.73,19.937
445.73,22.636
445.83,21.201
445.93,21.686
446.03,22.472
446.13,22.253
446.23,21.453
446.33,19.67
446.43,19.817
446.53,19.466
446.63,16.659
446.73,15.303
446.83,15.566
446.93,16.102
447.03,17.72
447.13,17.444
447.19,14.084
447.29,14.201
447.39,14.709
447.49,16.179
447.59,18.187
447.69,27.667
448,24.735
448.1,24.242
448.2,23.882
448.3,23.723
448.4,24.46
448.5,24.947
448.6,24.97
448.7,25.209
448.8,24.596
448.9,24.433
449,24.603
449.1,23.442
449.2,24.966
449.3,23.388
449.4,20.595
449.4,21.546
449.5,17.777
449.6,15.666
449.7,13.699
449.8,13.83
449.9,15.487
450,16.613
450.1,18.56
450.2,18.886
450.3,18.966
450.4,18.04
450.5,17.63
450.6,16.906
450.7,16.496
450.8,16.234
450.84,18.262
450.94,18.111
451.04,18.832
451.14,20.062
451.24,20.483
451.34,22.177
451.44,22.297
451.54,22.113
451.64,22.463
451.74,21.119
451.84,20.73
451.94,21.44
452.04,19.142
452.14,16.019
452.24,15.528
452.34,16.718
452.34,18.029
452.44,18.142
452.54,18.516
452.64,17.642
452.74,18.203
452.84,19.57
452.94,18.83
453.04,18.073
453.14,18.916
453.24,19.266
453.34,19.923
453.44,19.683
453.54,19.446
453.64,19.062
453.74,18.983
453.84,19.029
453.84,21.154
453.94,21.683
454.04,22.286
454.14,22.782
454.24,22.21
454.34,20.613
454.44,18.603
454.54,19.323
454.64,19.186
454.74,18.723
454.84,19.686
454.94,19.17
455.04,17.406
455.14,15.399
455.24,13.754
455.34,15.726
455.36,17.332
455.46,16.15
455.56,15.406
455.66,15.666
455.76,14.25
455.86,14.633
455.96,16.277
456.06,17.543
456.16,16.786
456.26,16.083
456.36,17.34
456.46,18.556
456.56,17.742
456.66,16.382
456.76,16.109
456.86,17.769
456.89,16.314
456.99,17.127
457.09,17.696
457.19,17.036
457.29,16.567
457.39,18.156
457.7,16.333
457.8,17.366
457.9,18.039
458,19.18
458.1,20.023
458.2,20.303
458.3,20.447
458.4,21.003
458.5,20.676
458.6,19.93
458.7,19.423
458.8,19.086
458.9,19.902
459,19.72
459.1,21.331
459.1,24.221
459.2,23.123
459.3,21.669
459.4,22.072
459.5,22.197
459.6,22.7
459.7,22.153
459.8,22.407
459.9,21.829
460,20.306
460.1,21.546
460.2,22.6
460.3,21.746
460.4,20.816
460.5,21.005
460.6,21.612
460.6,21.725
460.7,19.992
460.8,19.346
460.9,19.619
461,18.793
461.1,19.037
461.2,20.747
461.3,20.763
461.4,21.266
461.5,20.946
461.6,21.9
461.7,22.1
461.8,20.792
461.9,20.482
462,19.895
462.1,20.258
462.1,20.711
462.2,21.098
462.3,21.342
462.4,21.356
462.5,20.603
462.6,20.477
462.7,19.907
462.8,20.093
462.9,20.529
463,22.233
463.1,22.833
463.2,22.023
463.3,20.349
463.4,20.186
463.5,20.45
463.6,22.11
463.6,23.436
463.7,20.931
463.8,20.652
463.9,20.459
464,19.733
464.1,19.98
464.2,20.75
464.3,20.207
464.4,20.186
464.5,21.279
464.6,20.923
464.7,20.693
464.8,20.039
464.9,19.479
465,20.446
465.1,20.544
465.1,20.707
465.2,19.757
465.3,20.439
465.4,20.792
465.5,20.973
465.6,20.007
465.7,19.187
465.8,20.797
465.9,20.986
466,20.379
466.1,20.933
466.2,21.855
466.3,22.104
466.32,22.208
466.42,22.215
466.52,23.579
466.62,23.262
466.72,23.16
466.82,21.123
466.92,20.397
467.02,20.452
467.12,22.726
467.4,15.748
467.5,17.612
467.6,17.996
467.7,18.05
467.8,19.467
467.9,19.647
468,19.977
468.1,19.013
468.2,19.463
468.3,20.356
468.4,19.71
468.5,19.622
468.6,19.622
468.7,19.002
468.8,19.712
468.8,20.827
468.9,19.605
469,19.276
469.1,19.492
469.2,19.66
469.3,18.787
469.4,19.38
469.5,19.077
469.6,20.016
469.7,19.176
469.8,17.993
469.9,17.82
470,18.412
470.1,17.439
470.2,16.848
470.3,15.446
470.3,19.148
470.4,19.194
470.5,18.436
470.6,17.942
470.7,18.67
470.8,20.423
470.9,20.233
471,19.997
471.1,20.436
471.2,21.249
471.3,20.5
471.4,21.77
471.5,20.802
471.6,21.149
471.7,20.99
471.8,20.355
471.8,21.514
471.9,19.616
472,20.186
472.1,20.499
472.2,19.473
472.3,19.05
472.4,19.86
472.5,19.933
472.6,20.566
472.7,18.346
472.8,18.876
472.9,19.27
473,20.452
473.1,19.312
473.2,19.515
473.3,19.705
473.3,21.372
473.4,19.202
473.5,20.432
473.6,20.859
473.7,22.183
473.8,22.273
473.9,22.4
474,21.07
474.1,21.259
474.2,20.436
474.3,21.153
474.4,23.143
474.5,23.046
474.6,23.226
474.7,23.057
474.8,21.83
474.8,23.258
474.9,22.998
475,24.566
475.1,24.939
475.2,27.867
475.3,28.84
475.4,26.583
475.5,26.51
475.6,25.549
475.7,25.326
475.8,25.24
475.9,25.749
476,28.078
476.01,24.177
476.11,24.343
476.21,24.996
476.31,25.849
476.41,25.904
476.51,24.869
477.1,21.174
477.2,19.522
477.3,19.482
477.4,19.977
477.5,19.187
477.6,19.74
477.7,18.837
477.8,19.393
477.9,19.383
478,19.043
478.1,19.833
478.2,19.566
478.3,19.322
478.4,18.51
478.5,17.158
478.5,17.724
478.6,17.142
478.7,17.512
478.8,18.512
478.9,18.817
479,19.85
479.1,19.337
479.2,19.787
479.3,19.499
479.4,19.526
479.5,19.776
479.6,18.346
479.7,18.202
479.8,18.952
479.9,17.395
480,16.578
480,17.644
480.1,16.185
480.2,15.739
480.3,13.962
480.4,15.57
480.5,17.773
480.6,17.797
480.7,16.473
480.8,17.123
480.9,17.316
481,17.99
481.1,18.663
481.2,17.032
481.3,17.899
481.4,17.099
481.5,15.638
481.5,18.654
481.6,18.715
481.7,19.386
481.8,18.936
481.9,19.603
482,20.227
482.1,20.423
482.2,20.047
482.3,20.873
482.4,21.899
482.5,22.386
482.6,21.326
482.7,19.886
482.8,20.679
482.9,20.686
483,23.098
483,23.843
483.1,22.428
483.2,22.759
483.3,22.679
483.4,20.96
483.5,20.8
483.6,20.777
483.7,19.973
483.8,21.226
483.9,22.433
484,22.73
484.1,24.456
484.2,22.542
484.3,22.086
484.4,20.854
484.5,20.178
484.5,21.285
484.6,19.707
484.7,18.926
484.8,20.182
484.9,23.18
485,24.843
485.1,23.56
485.2,23.573
485.3,22.956
485.4,22.269
485.5,21.943
485.6,21.72
485.7,19.992
485.8,18.451
485.9,16.797
485.92,17.31
486.02,21.311
486.12,24.062
486.22,21.656
486.32,20.287
486.42,20.079
486.52,18.522
486.8,18.381
486.9,19.606
487,19.906
487.1,20.023
487.2,19.703
487.3,19.823
487.4,19.933
487.5,19.956
487.6,20.356
487.7,21.17
487.8,21.17
487.9,19.676
488,18.456
488.1,16.687
488.2,16.798
488.2,18.829
488.3,16.679
488.4,16.012
488.5,17.149
488.6,17.487
488.7,17.54
488.8,18.183
488.9,19.287
489,21.246
489.1,21.173
489.2,19.61
489.3,16.82
489.4,16.569
489.5,15.986
489.6,16.434
489.7,16.427
489.7,19.984
489.8,17.389
489.9,17.336
490,17.099
490.1,17.347
490.2,16.837
490.3,17.14
490.4,17.3
490.5,17.699
490.6,17.603
490.7,17.153
490.8,17.25
490.9,15.966
491,16.342
491.1,16.738
491.2,15.664
491.2,18.422
491.2,18.422
491.3,17.906
491.3,17.906
491.4,18.982
491.4,18.982
491.5,19.126
491.5,19.126
491.6,18.763
491.6,18.763
491.7,18.987
491.7,18.987
491.8,17.227
491.8,17.227
491.9,16.927
491.9,16.927
492,16.136
492,16.136
492.1,16.046
492.1,16.046
492.2,17.786
492.2,17.786
492.3,16.586
492.3,16.586
492.4,16.882
492.4,16.882
492.5,18.162
492.5,18.162
492.6,19.066
492.6,19.066
492.7,18.911
492.7,18.911
492.7,19.795
492.8,20.741
492.9,21.236
493,21.026
493.1,19.707
493.2,19.56
493.3,20.027
493.4,20.49
493.5,20.656
493.6,20.153
493.7,20.34
493.8,19.98
493.9,19.286
494,18.879
494.1,17.882
494.2,16.378
494.2,20.318
494.3,18.286
494.4,17.919
494.5,18.526
494.6,19.807
494.7,18.93
494.8,18.87
494.9,17.843
495,17.469
495.1,19.466
495.2,20.436
495.3,19.678
495.4,17.351
495.41,20.464
495.51,19.293
495.61,21.439
495.71,22.876
495.81,23.877
495.91,24.29
496.01,25.435
496.11,26.632
496.5,20.684
496.6,20.982
496.7,21.126
496.8,21.1
496.9,19.51
497,19.683
497.1,20.513
497.2,20.233
497.3,20.019
497.4,19.996
497.5,19.503
497.6,18.442
497.7,16.556
497.8,16.675
497.9,19.381
498,18.461
498.1,19.386
498.2,19.999
498.3,21.413
498.4,21.11
498.5,20.06
498.6,20.117
498.7,19.506
498.8,18.879
498.9,18.716
499,18.513
499.1,19.089
499.2,18.942
499.3,17.606
499.4,15.631
499.4,19.788
499.5,17.541
499.6,18.702
499.7,18.266
499.8,17.487
499.9,17.707
500,18.713
500.1,18.67
500.2,19.583
500.3,19.083
500.4,19.316
500.5,19.26
500.6,19.429
500.7,18.739
500.8,17.831
500.9,15.358
500.9,20.042
501,20.034
501.1,19.802
501.2,19.609
501.3,20.407
501.4,21.493
501.5,20.99
501.6,20.877
501.7,21.196
501.8,20.516
501.9,20.79
502,20.61
502.1,18.832
502.2,20.286
502.3,19.481
502.4,18.716
502.4,20.704
502.5,18.001
502.6,17.276
502.7,17.692
502.8,18.577
502.9,18.867
503,18.963
503.1,18.54
503.2,18.226
503.3,19.063
503.4,20.553
503.5,20.52
503.6,20.282
503.7,18.789
503.8,18.213
503.9,17.678
503.9,18.72
504,19.073
504.1,19.616
504.2,18.909
504.3,19.8
504.4,20.227
504.5,22.013
504.6,23.75
504.7,23.356
504.8,22.606
504.9,21.766
505,21.456
505.1,21.205
505.2,20.189
505.32,21.031
505.42,20.14
505.52,20.419
505.62,20.096
505.72,18.027
505.82,18.664
506.2,20.46
506.3,21.602
506.4,22.819
506.5,23.183
506.6,21.877
506.7,21.31
506.8,21.91
506.9,20.649
507,20.973
507.1,21.443
507.2,22.106
507.3,20.792
507.4,20.436
507.5,19.728
507.6,18.44
507.6,20.609
507.7,19.966
507.8,19.772
507.9,20.659
508,20.97
508.1,20.75
508.2,20.937
508.3,20.77
508.4,22.166
508.5,23.473
508.6,22.866
508.7,21.866
508.8,20.336
508.9,20.502
509,19.717
509.1,20.171
509.1,24.119
509.2,21.786
509.3,21.076
509.4,20.329
509.5,21.6
509.6,21.93
509.7,24.023
509.8,22.063
509.9,22.219
510,23.236
510.1,26.126
510.2,26.336
510.3,23.926
510.4,23.116
510.5,22.92
510.6,23.767
510.6,24.649
510.7,22.633
510.8,21.732
510.9,22.632
511,23.263
511.1,22.85
511.2,22.46
511.3,21.837
511.4,23.166
511.5,22.569
511.6,22.833
511.7,23.05
511.8,22.089
511.9,22.269
512,21.605
512.1,21.507
512.1,23.697
512.2,21.44
512.3,22.569
512.4,24.356
512.5,25.527
512.6,24.98
512.7,23.817
512.8,21.937
512.9,22.496
513,23.249
513.1,23.693
513.2,23.063
513.3,22.229
513.4,23.242
513.5,23.391
513.6,22.597
513.6,24.01
513.7,23.526
513.8,22.352
513.9,22.922
514,22.363
514.1,22.73
514.2,21.063
514.3,21.763
514.4,22.013
514.5,21.736
514.6,21.426
514.7,21.493
514.8,19.039
514.81,22.36
514.91,21.923
515.01,22.732
515.11,22.976
515.21,22.873
515.31,22.617
515.41,22.045
515.51,24.136
515.9,14.809
516,14.119
516.1,14.192
516.2,13.883
516.3,14.16
516.4,13.573
516.5,14.333
516.6,14.786
516.7,16.103
516.8,15.096
516.9,14.79
517,13.846
517.1,14.326
517.2,14.899
517.3,15.744
517.3,17.005
517.4,17.116
517.5,17.852
517.6,20.512
517.7,21.6
517.8,19.357
517.9,16.82
518,15.907
518.1,17.133
518.2,17.416
518.3,18.92
518.4,19.56
518.5,18.539
518.6,18.239
518.7,16.854
518.8,15.138
518.8,18.814
518.9,18.24
519,18.546
519.1,18.439
519.2,19.683
519.3,18.557
519.4,15.983
519.5,15.757
519.6,17.296
519.7,19.043
519.8,22.196
519.9,22.736
520,19.984
520.9,20.908
521,22.372
521.1,23.842
521.2,22.94
521.3,23.053
521.4,21.85
521.5,19.793
521.6,17.926
521.7,17.619
521.8,19.153
521.9,21.693
522,23.779
522.1,22.812
522.2,21.889
522.3,22.124
522.3,27.345
522.4,26.92
522.5,26.836
522.6,27.416
522.7,28.883
522.8,29.16
522.9,28.42
523,27.39
523.1,25.573
523.2,24.769
523.3,26.133
523.4,25.916
523.5,24.929
523.6,23.392
523.7,20.883
523.8,19.024
523.8,23.32
523.9,21.083
524,21.406
524.1,21.006
524.2,21.54
524.3,22.68
524.4,22.523
524.5,22.037
524.6,21.316
524.7,20.666
524.8,21.1
524.9,21.133
525,21.546
525.1,20.936
525.2,20.084
525.3,18.618
525.3,22.346
525.4,21.299
525.5,22.779
525.6,22.679
525.7,22.737
525.8,23.573
525.9,23.483
526,24.267
526.1,23.336
526.2,24.659
526.3,25.38
526.4,22.656
526.5,21.619
526.6,20.619
526.7,19.334
526.8,18.202
526.8,22.636
526.9,21.242
527,21.432
527.1,22.506
527.2,21.18
527.3,22.56
527.4,21.87
527.5,21.027
527.6,21.989
527.7,22.473
527.8,22.566
527.9,23.666
528,22.676
528.1,15.862
528.1,21.759
528.2,16.892
528.2,21.977
528.3,17.786
528.3,20.924
528.4,18.27
528.4,22.793
528.5,18.41
528.5,24.629
528.6,18.72
528.6,26.146
528.7,17.86
528.7,25
528.8,17.556
528.8,25.473
528.9,17.903
528.9,24.193
529,18.403
529,22.9
529.1,18.163
529.1,21.136
529.2,16.699
529.2,18.58
529.3,17.238
529.3,17.332
529.4,17.672
529.49,15.828
529.5,16.202
529.59,15.645
529.6,18.89
529.69,16.016
529.7,19.376
529.79,18.102
529.8,19.866
529.89,18.297
529.9,20.4
529.99,19.98
530,19.897
530.09,20.374
530.1,19.727
530.2,19.677
530.3,20.036
530.4,19.873
530.5,20.176
530.6,20.74
530.7,18.889
530.8,19.019
530.9,18.587
531,17.739
531,18.711
531.1,17.739
531.2,19.666
531.3,20.216
531.4,22.58
531.5,24.843
531.6,24.433
531.7,23.273
531.8,20.833
531.9,19.123
532,19.756
532.1,19.916
532.2,20.519
532.3,20.452
532.4,18.674
532.5,18.064
532.5,20.98
532.6,20.213
532.7,20.289
532.8,20.422
532.9,20.253
533,20.38
533.1,20.207
533.2,18.093
533.3,18.063
533.4,17.486
533.5,18.02
533.6,19.426
533.7,20.266
533.8,20.556
534,23.632
534.1,23.857
534.2,24.232
534.3,24.836
534.4,22.74
534.5,20.505
